This is pdfTeX, Version 3.141592653-2.6-1.40.29 (MiKTeX 26.5) (preloaded format=pdflatex 2026.6.25)  6 JUL 2026 16:47
entering extended mode
 restricted \write18 enabled.
 %&-line parsing enabled.
**./main.tex
(main.tex
LaTeX2e <2026-06-01>
L3 programming layer <2026-05-26>
(C:\Program Files\MiKTeX\tex/latex/base\article.cls
Document Class: article 2025/01/22 v1.4n Standard LaTeX document class
(C:\Program Files\MiKTeX\tex/latex/base\size12.clo
File: size12.clo 2025/01/22 v1.4n Standard LaTeX file (size option)
)
\c@part=\count276
\c@section=\count277
\c@subsection=\count278
\c@subsubsection=\count279
\c@paragraph=\count280
\c@subparagraph=\count281
\c@figure=\count282
\c@table=\count283
\abovecaptionskip=\skip49
\belowcaptionskip=\skip50
\bibindent=\dimen150
)
(C:\Program Files\MiKTeX\tex/latex/base\inputenc.sty
Package: inputenc 2024/02/08 v1.3d Input encoding file
\inpenc@prehook=\toks17
\inpenc@posthook=\toks18
)
(C:\Program Files\MiKTeX\tex/latex/base\fontenc.sty
Package: fontenc 2025/07/18 v2.1d Standard LaTeX package

(C:\Program Files\MiKTeX\tex/latex/vntex\t5enc.def
File: t5enc.def 2006/11/21 v1.4 Vietnamese T5 encoding
Now handling font encoding T5 ...
... processing UTF-8 mapping file for font encoding T5

(C:\Program Files\MiKTeX\tex/latex/vntex\t5enc.dfu
File: t5enc.dfu 2006/08/19 v1.1 UTF8 support for Vietnamese
   defining Unicode char U+00AB (decimal 171)
   defining Unicode char U+00BB (decimal 187)
   defining Unicode char U+00C0 (decimal 192)
   defining Unicode char U+00C1 (decimal 193)
   defining Unicode char U+00C2 (decimal 194)
   defining Unicode char U+00C3 (decimal 195)
   defining Unicode char U+00C8 (decimal 200)
   defining Unicode char U+00C9 (decimal 201)
   defining Unicode char U+00CA (decimal 202)
   defining Unicode char U+00CC (decimal 204)
   defining Unicode char U+00CD (decimal 205)
   defining Unicode char U+00D2 (decimal 210)
   defining Unicode char U+00D3 (decimal 211)
   defining Unicode char U+00D4 (decimal 212)
   defining Unicode char U+00D5 (decimal 213)
   defining Unicode char U+00D9 (decimal 217)
   defining Unicode char U+00DA (decimal 218)
   defining Unicode char U+00DD (decimal 221)
   defining Unicode char U+00E0 (decimal 224)
   defining Unicode char U+00E1 (decimal 225)
   defining Unicode char U+00E2 (decimal 226)
   defining Unicode char U+00E3 (decimal 227)
   defining Unicode char U+00E8 (decimal 232)
   defining Unicode char U+00E9 (decimal 233)
   defining Unicode char U+00EA (decimal 234)
   defining Unicode char U+00EC (decimal 236)
   defining Unicode char U+00ED (decimal 237)
   defining Unicode char U+00F2 (decimal 242)
   defining Unicode char U+00F3 (decimal 243)
   defining Unicode char U+00F4 (decimal 244)
   defining Unicode char U+00F5 (decimal 245)
   defining Unicode char U+00F9 (decimal 249)
   defining Unicode char U+00FA (decimal 250)
   defining Unicode char U+00FD (decimal 253)
   defining Unicode char U+0102 (decimal 258)
   defining Unicode char U+0103 (decimal 259)
   defining Unicode char U+0110 (decimal 272)
   defining Unicode char U+0111 (decimal 273)
   defining Unicode char U+0128 (decimal 296)
   defining Unicode char U+0129 (decimal 297)
   defining Unicode char U+0131 (decimal 305)
   defining Unicode char U+0168 (decimal 360)
   defining Unicode char U+0169 (decimal 361)
   defining Unicode char U+01A0 (decimal 416)
   defining Unicode char U+01A1 (decimal 417)
   defining Unicode char U+01AF (decimal 431)
   defining Unicode char U+01B0 (decimal 432)
   defining Unicode char U+1EA0 (decimal 7840)
   defining Unicode char U+1EA1 (decimal 7841)
   defining Unicode char U+1EA2 (decimal 7842)
   defining Unicode char U+1EA3 (decimal 7843)
   defining Unicode char U+1EA4 (decimal 7844)
   defining Unicode char U+1EA5 (decimal 7845)
   defining Unicode char U+1EA6 (decimal 7846)
   defining Unicode char U+1EA7 (decimal 7847)
   defining Unicode char U+1EA8 (decimal 7848)
   defining Unicode char U+1EA9 (decimal 7849)
   defining Unicode char U+1EAA (decimal 7850)
   defining Unicode char U+1EAB (decimal 7851)
   defining Unicode char U+1EAC (decimal 7852)
   defining Unicode char U+1EAD (decimal 7853)
   defining Unicode char U+1EAE (decimal 7854)
   defining Unicode char U+1EAF (decimal 7855)
   defining Unicode char U+1EB0 (decimal 7856)
   defining Unicode char U+1EB1 (decimal 7857)
   defining Unicode char U+1EB2 (decimal 7858)
   defining Unicode char U+1EB3 (decimal 7859)
   defining Unicode char U+1EB4 (decimal 7860)
   defining Unicode char U+1EB5 (decimal 7861)
   defining Unicode char U+1EB6 (decimal 7862)
   defining Unicode char U+1EB7 (decimal 7863)
   defining Unicode char U+1EB8 (decimal 7864)
   defining Unicode char U+1EB9 (decimal 7865)
   defining Unicode char U+1EBA (decimal 7866)
   defining Unicode char U+1EBB (decimal 7867)
   defining Unicode char U+1EBC (decimal 7868)
   defining Unicode char U+1EBD (decimal 7869)
   defining Unicode char U+1EBE (decimal 7870)
   defining Unicode char U+1EBF (decimal 7871)
   defining Unicode char U+1EC0 (decimal 7872)
   defining Unicode char U+1EC1 (decimal 7873)
   defining Unicode char U+1EC2 (decimal 7874)
   defining Unicode char U+1EC3 (decimal 7875)
   defining Unicode char U+1EC4 (decimal 7876)
   defining Unicode char U+1EC5 (decimal 7877)
   defining Unicode char U+1EC6 (decimal 7878)
   defining Unicode char U+1EC7 (decimal 7879)
   defining Unicode char U+1EC8 (decimal 7880)
   defining Unicode char U+1EC9 (decimal 7881)
   defining Unicode char U+1ECA (decimal 7882)
   defining Unicode char U+1ECB (decimal 7883)
   defining Unicode char U+1ECC (decimal 7884)
   defining Unicode char U+1ECD (decimal 7885)
   defining Unicode char U+1ECE (decimal 7886)
   defining Unicode char U+1ECF (decimal 7887)
   defining Unicode char U+1ED0 (decimal 7888)
   defining Unicode char U+1ED1 (decimal 7889)
   defining Unicode char U+1ED2 (decimal 7890)
   defining Unicode char U+1ED3 (decimal 7891)
   defining Unicode char U+1ED4 (decimal 7892)
   defining Unicode char U+1ED5 (decimal 7893)
   defining Unicode char U+1ED6 (decimal 7894)
   defining Unicode char U+1ED7 (decimal 7895)
   defining Unicode char U+1ED8 (decimal 7896)
   defining Unicode char U+1ED9 (decimal 7897)
   defining Unicode char U+1EDA (decimal 7898)
   defining Unicode char U+1EDB (decimal 7899)
   defining Unicode char U+1EDC (decimal 7900)
   defining Unicode char U+1EDD (decimal 7901)
   defining Unicode char U+1EDE (decimal 7902)
   defining Unicode char U+1EDF (decimal 7903)
   defining Unicode char U+1EE0 (decimal 7904)
   defining Unicode char U+1EE1 (decimal 7905)
   defining Unicode char U+1EE2 (decimal 7906)
   defining Unicode char U+1EE3 (decimal 7907)
   defining Unicode char U+1EE4 (decimal 7908)
   defining Unicode char U+1EE5 (decimal 7909)
   defining Unicode char U+1EE6 (decimal 7910)
   defining Unicode char U+1EE7 (decimal 7911)
   defining Unicode char U+1EE8 (decimal 7912)
   defining Unicode char U+1EE9 (decimal 7913)
   defining Unicode char U+1EEA (decimal 7914)
   defining Unicode char U+1EEB (decimal 7915)
   defining Unicode char U+1EEC (decimal 7916)
   defining Unicode char U+1EED (decimal 7917)
   defining Unicode char U+1EEE (decimal 7918)
   defining Unicode char U+1EEF (decimal 7919)
   defining Unicode char U+1EF0 (decimal 7920)
   defining Unicode char U+1EF1 (decimal 7921)
   defining Unicode char U+1EF2 (decimal 7922)
   defining Unicode char U+1EF3 (decimal 7923)
   defining Unicode char U+1EF4 (decimal 7924)
   defining Unicode char U+1EF5 (decimal 7925)
   defining Unicode char U+1EF6 (decimal 7926)
   defining Unicode char U+1EF7 (decimal 7927)
   defining Unicode char U+1EF8 (decimal 7928)
   defining Unicode char U+1EF9 (decimal 7929)
   defining Unicode char U+200C (decimal 8204)
   defining Unicode char U+2013 (decimal 8211)
   defining Unicode char U+2014 (decimal 8212)
   defining Unicode char U+2018 (decimal 8216)
   defining Unicode char U+2019 (decimal 8217)
   defining Unicode char U+201A (decimal 8218)
   defining Unicode char U+201C (decimal 8220)
   defining Unicode char U+201D (decimal 8221)
   defining Unicode char U+201E (decimal 8222)
   defining Unicode char U+2030 (decimal 8240)
   defining Unicode char U+2031 (decimal 8241)
   defining Unicode char U+2039 (decimal 8249)
   defining Unicode char U+203A (decimal 8250)
   defining Unicode char U+2423 (decimal 9251)
))
LaTeX Font Info:    Trying to load font information for T5+cmr on input line 11
6.

(C:\Program Files\MiKTeX\tex/latex/vntex\t5cmr.fd
File: t5cmr.fd 1999/05/25 v2.5h Standard LaTeX font definitions
))
(C:\Program Files\MiKTeX\tex/generic/babel\babel.sty
Package: babel 2026/05/20 v26.8 The multilingual framework for LuaLaTeX, pdfLaT
eX and XeLaTeX
\babel@savecnt=\count284
LaTeX Encoding Info:    Redeclaring text command \ij (encoding OT1) on input li
ne 2084.
LaTeX Encoding Info:    Redeclaring text command \IJ (encoding OT1) on input li
ne 2086.
LaTeX Encoding Info:    Redeclaring text command \ij (encoding T1) on input lin
e 2088.
LaTeX Encoding Info:    Redeclaring text command \IJ (encoding T1) on input lin
e 2089.
LaTeX Encoding Info:    Ignoring declaration for text command \ij (encoding ?) 
on input line 2090.
LaTeX Encoding Info:    Ignoring declaration for text command \IJ (encoding ?) 
on input line 2092.
LaTeX Encoding Info:    Ignoring declaration for text command \SS (encoding ?) 
on input line 2117.
\U@D=\dimen151
\l@unhyphenated=\language79

(C:\Program Files\MiKTeX\tex/generic/babel\txtbabel.def)
\bbl@readstream=\read2
\bbl@dirlevel=\count285
Package babel Info: Configuration files are deprecated, as
(babel)             they can break document portability.
(babel)             Reported on input line 4228.

*************************************
* Local config file bblopts.cfg used
*
(C:\Program Files\MiKTeX\tex/latex/arabi\bblopts.cfg
File: bblopts.cfg 2005/09/08 v0.1 add Arabic and Farsi to "declared" options of
 babel
)
(C:\Program Files\MiKTeX\tex/generic/babel/locale/vi\babel-vietnamese.tex)
Package babel Info: Importing font and identification data for vietnamese
(babel)             from babel-vi.ini. Reported on input line 4356.

(C:\Program Files\MiKTeX\tex/latex/babel-vietnamese\vietnamese.ldf
Language: vietnamese 


Package babel Warning: No hyphenation patterns were preloaded for
(babel)                the language 'Vietnamese' into the format.
(babel)                Please, configure your TeX system to add them and
(babel)                rebuild the format. Now I will use the patterns
(babel)                preloaded for \language=0 instead on input line 36.

Package babel Info: Hyphen rules for 'vietnamese' set to \l@english
(babel)             (\language0). Reported on input line 37.
Package babel Info: Hyphen rules for 'vietnam' set to \l@english
(babel)             (\language0). Reported on input line 38.
Loading definitions for the Vietnamese font encoding
(C:\Program Files\MiKTeX\tex/latex/vntex\t5enc.def
File: t5enc.def 2006/11/21 v1.4 Vietnamese T5 encoding
LaTeX Font Info:    Redeclaring font encoding T5 on input line 75.
LaTeX Encoding Info:    Redeclaring text command \` (encoding T5) on input line
 79.
LaTeX Encoding Info:    Redeclaring text command \' (encoding T5) on input line
 80.
LaTeX Encoding Info:    Redeclaring text command \^ (encoding T5) on input line
 81.
LaTeX Encoding Info:    Redeclaring text command \~ (encoding T5) on input line
 82.
LaTeX Encoding Info:    Redeclaring text command \" (encoding T5) on input line
 83.
LaTeX Encoding Info:    Redeclaring text command \r (encoding T5) on input line
 84.
LaTeX Encoding Info:    Redeclaring text command \v (encoding T5) on input line
 85.
LaTeX Encoding Info:    Redeclaring text command \u (encoding T5) on input line
 86.
LaTeX Encoding Info:    Redeclaring text command \= (encoding T5) on input line
 87.
LaTeX Encoding Info:    Redeclaring text command \. (encoding T5) on input line
 88.
LaTeX Encoding Info:    Redeclaring text command \b (encoding T5) on input line
 90.
LaTeX Encoding Info:    Redeclaring text command \c (encoding T5) on input line
 94.
LaTeX Encoding Info:    Redeclaring text command \d (encoding T5) on input line
 98.
LaTeX Encoding Info:    Redeclaring text command \h (encoding T5) on input line
 103.
LaTeX Encoding Info:    Redeclaring text symbol \quotesinglbase (encoding T5) o
n input line 105.
LaTeX Encoding Info:    Redeclaring text symbol \guilsinglleft (encoding T5) on
 input line 106.
LaTeX Encoding Info:    Redeclaring text symbol \guilsinglright (encoding T5) o
n input line 107.
LaTeX Encoding Info:    Redeclaring text symbol \textquotedblleft (encoding T5)
 on input line 108.
LaTeX Encoding Info:    Redeclaring text symbol \textquotedblright (encoding T5
) on input line 109.
LaTeX Encoding Info:    Redeclaring text symbol \quotedblbase (encoding T5) on 
input line 110.
LaTeX Encoding Info:    Redeclaring text symbol \guillemotleft (encoding T5) on
 input line 111.
LaTeX Encoding Info:    Redeclaring text symbol \guillemotright (encoding T5) o
n input line 112.
LaTeX Encoding Info:    Redeclaring text symbol \textendash (encoding T5) on in
put line 113.
LaTeX Encoding Info:    Redeclaring text symbol \textemdash (encoding T5) on in
put line 114.
LaTeX Encoding Info:    Redeclaring text symbol \textcompwordmark (encoding T5)
 on input line 115.
LaTeX Encoding Info:    Redeclaring text command \textperthousand (encoding T5)
 on input line 117.
LaTeX Encoding Info:    Redeclaring text command \textpertenthousand (encoding 
T5) on input line 118.
LaTeX Encoding Info:    Redeclaring text symbol \i (encoding T5) on input line 
119.
LaTeX Encoding Info:    Redeclaring text symbol \textvisiblespace (encoding T5)
 on input line 121.
LaTeX Encoding Info:    Redeclaring text symbol \textquotedbl (encoding T5) on 
input line 122.
LaTeX Encoding Info:    Redeclaring text symbol \textdollar (encoding T5) on in
put line 123.
LaTeX Encoding Info:    Redeclaring text symbol \textquoteright (encoding T5) o
n input line 124.
LaTeX Encoding Info:    Redeclaring text symbol \textless (encoding T5) on inpu
t line 125.
LaTeX Encoding Info:    Redeclaring text symbol \textgreater (encoding T5) on i
nput line 126.
LaTeX Encoding Info:    Redeclaring text symbol \textbackslash (encoding T5) on
 input line 127.
LaTeX Encoding Info:    Redeclaring text symbol \textasciicircum (encoding T5) 
on input line 128.
LaTeX Encoding Info:    Redeclaring text symbol \textunderscore (encoding T5) o
n input line 129.
LaTeX Encoding Info:    Redeclaring text symbol \textquoteleft (encoding T5) on
 input line 130.
LaTeX Encoding Info:    Redeclaring text symbol \textbraceleft (encoding T5) on
 input line 131.
LaTeX Encoding Info:    Redeclaring text symbol \textbar (encoding T5) on input
 line 132.
LaTeX Encoding Info:    Redeclaring text symbol \textbraceright (encoding T5) o
n input line 133.
LaTeX Encoding Info:    Redeclaring text symbol \textasciitilde (encoding T5) o
n input line 134.
LaTeX Encoding Info:    Redeclaring text command \horn (encoding T5) on input l
ine 137.
LaTeX Encoding Info:    Redeclaring text symbol \DJ (encoding T5) on input line
 306.
LaTeX Encoding Info:    Redeclaring text symbol \dj (encoding T5) on input line
 307.
LaTeX Encoding Info:    Redeclaring text symbol \Acircumflex (encoding T5) on i
nput line 312.
LaTeX Encoding Info:    Redeclaring text symbol \Abreve (encoding T5) on input 
line 319.
LaTeX Encoding Info:    Redeclaring text symbol \Ecircumflex (encoding T5) on i
nput line 326.
LaTeX Encoding Info:    Redeclaring text symbol \Ocircumflex (encoding T5) on i
nput line 333.
LaTeX Encoding Info:    Redeclaring text symbol \Ohorn (encoding T5) on input l
ine 340.
LaTeX Encoding Info:    Redeclaring text symbol \Uhorn (encoding T5) on input l
ine 347.
LaTeX Encoding Info:    Redeclaring text symbol \acircumflex (encoding T5) on i
nput line 354.
LaTeX Encoding Info:    Redeclaring text symbol \abreve (encoding T5) on input 
line 361.
LaTeX Encoding Info:    Redeclaring text symbol \ecircumflex (encoding T5) on i
nput line 368.
LaTeX Encoding Info:    Redeclaring text symbol \ocircumflex (encoding T5) on i
nput line 375.
LaTeX Encoding Info:    Redeclaring text symbol \ohorn (encoding T5) on input l
ine 382.
LaTeX Encoding Info:    Redeclaring text symbol \uhorn (encoding T5) on input l
ine 389.
LaTeX Encoding Info:    Redeclaring text symbol \ACIRCUMFLEX (encoding T5) on i
nput line 397.
LaTeX Encoding Info:    Redeclaring text symbol \ABREVE (encoding T5) on input 
line 404.
LaTeX Encoding Info:    Redeclaring text symbol \ECIRCUMFLEX (encoding T5) on i
nput line 411.
LaTeX Encoding Info:    Redeclaring text symbol \OCIRCUMFLEX (encoding T5) on i
nput line 418.
LaTeX Encoding Info:    Redeclaring text symbol \OHORN (encoding T5) on input l
ine 425.
LaTeX Encoding Info:    Redeclaring text symbol \UHORN (encoding T5) on input l
ine 432.
)
Package babel Info: Making " an active character on input line 147.
))
(C:\Program Files\MiKTeX\tex/latex/xcolor\xcolor.sty
Package: xcolor 2024/09/29 v3.02 LaTeX color extensions (UK)

(C:\Program Files\MiKTeX\tex/latex/graphics-cfg\color.cfg
File: color.cfg 2016/01/02 v1.6 sample color configuration
)
Package xcolor Info: Driver file: pdftex.def on input line 274.

(C:\Program Files\MiKTeX\tex/latex/graphics-def\pdftex.def
File: pdftex.def 2025/09/29 v1.2d Graphics/color driver for pdftex
)
(C:\Program Files\MiKTeX\tex/latex/graphics\mathcolor.ltx)
Package xcolor Info: Model `cmy' substituted by `cmy0' on input line 1349.
Package xcolor Info: Model `hsb' substituted by `rgb' on input line 1353.
Package xcolor Info: Model `RGB' extended on input line 1365.
Package xcolor Info: Model `HTML' substituted by `rgb' on input line 1367.
Package xcolor Info: Model `Hsb' substituted by `hsb' on input line 1368.
Package xcolor Info: Model `tHsb' substituted by `hsb' on input line 1369.
Package xcolor Info: Model `HSB' substituted by `hsb' on input line 1370.
Package xcolor Info: Model `Gray' substituted by `gray' on input line 1371.
Package xcolor Info: Model `wave' substituted by `hsb' on input line 1372.
)
(C:\Program Files\MiKTeX\tex/latex/colortbl\colortbl.sty
Package: colortbl 2026/05/01 v1.0l Color table columns (DPC)

(C:\Program Files\MiKTeX\tex/latex/tools\array.sty
Package: array 2026/02/24 v2.7b Tabular extension package (FMi)
\col@sep=\dimen152
\ar@mcellbox=\box53
\extrarowheight=\dimen153
\NC@list=\toks19
\extratabsurround=\skip51
\backup@length=\skip52
\ar@cellbox=\box54
)
new hooks used!!
\minrowclearance=\skip53
\rownum=\count286
) (C:\Program Files\MiKTeX\tex/latex/tools\tabularx.sty
Package: tabularx 2023/12/11 v2.12a `tabularx' package (DPC)
\TX@col@width=\dimen154
\TX@old@table=\dimen155
\TX@old@col=\dimen156
\TX@target=\dimen157
\TX@delta=\dimen158
\TX@cols=\count287
\TX@ftn=\toks20
)
(C:\Program Files\MiKTeX\tex/latex/booktabs\booktabs.sty
Package: booktabs 2020/01/12 v1.61803398 Publication quality tables
\heavyrulewidth=\dimen159
\lightrulewidth=\dimen160
\cmidrulewidth=\dimen161
\belowrulesep=\dimen162
\belowbottomsep=\dimen163
\aboverulesep=\dimen164
\abovetopsep=\dimen165
\cmidrulesep=\dimen166
\cmidrulekern=\dimen167
\defaultaddspace=\dimen168
\@cmidla=\count288
\@cmidlb=\count289
\@aboverulesep=\dimen169
\@belowrulesep=\dimen170
\@thisruleclass=\count290
\@lastruleclass=\count291
\@thisrulewidth=\dimen171
)
(C:\Program Files\MiKTeX\tex/latex/tools\longtable.sty
Package: longtable 2026-01-28 v4.27 Multi-page Table package (DPC)
\LTleft=\skip54
\LTright=\skip55
\LTpre=\skip56
\LTpost=\skip57
\LTchunksize=\count292
\LTcapwidth=\dimen172
\LT@head=\box55
\LT@firsthead=\box56
\LT@foot=\box57
\LT@lastfoot=\box58
\LT@gbox=\box59
\LT@cols=\count293
\LT@rows=\count294
\c@LT@tables=\count295
\c@LT@chunks=\count296
\LT@p@ftn=\toks21
)
(C:\Program Files\MiKTeX\tex/latex/graphics\graphicx.sty
Package: graphicx 2026-05-17 v1.2e Enhanced LaTeX Graphics (DPC,SPQR)

(C:\Program Files\MiKTeX\tex/latex/graphics\keyval.sty
Package: keyval 2026-05-17 v1.15 key=value parser (DPC)
\KV@toks@=\toks22
)
(C:\Program Files\MiKTeX\tex/latex/graphics\graphics.sty
Package: graphics 2026-05-17 v1.4h Standard LaTeX Graphics (DPC,SPQR)

(C:\Program Files\MiKTeX\tex/latex/graphics\trig.sty
Package: trig 2023/12/02 v1.11 sin cos tan (DPC)
)
(C:\Program Files\MiKTeX\tex/latex/graphics-cfg\graphics.cfg
File: graphics.cfg 2016/06/04 v1.11 sample graphics configuration
)
Package graphics Info: Driver file: pdftex.def on input line 106.
)
\Gin@req@height=\dimen173
\Gin@req@width=\dimen174
)
(C:\Program Files\MiKTeX\tex/latex/float\float.sty
Package: float 2001/11/08 v1.3d Float enhancements (AL)
\c@float@type=\count297
\float@exts=\toks23
\float@box=\box60
\@float@everytoks=\toks24
\@floatcapt=\box61
)
(C:\Program Files\MiKTeX\tex/latex/geometry\geometry.sty
Package: geometry 2026/03/07 v6.0 Page Geometry

(C:\Program Files\MiKTeX\tex/generic/iftex\ifvtex.sty
Package: ifvtex 2019/10/25 v1.7 ifvtex legacy package. Use iftex instead.

(C:\Program Files\MiKTeX\tex/generic/iftex\iftex.sty
Package: iftex 2024/12/12 v1.0g TeX engine tests
))
\Gm@cnth=\count298
\Gm@cntv=\count299
\c@Gm@tempcnt=\count300
\Gm@bindingoffset=\dimen175
\Gm@wd@mp=\dimen176
\Gm@odd@mp=\dimen177
\Gm@even@mp=\dimen178
\Gm@layoutwidth=\dimen179
\Gm@layoutheight=\dimen180
\Gm@layouthoffset=\dimen181
\Gm@layoutvoffset=\dimen182
\Gm@dimlist=\toks25

(C:\Program Files\MiKTeX\tex/latex/geometry\geometry.cfg))
(C:\Program Files\MiKTeX\tex/latex/enumitem\enumitem.sty
Package: enumitem 2025/02/06 v3.11 Customized lists
\labelindent=\skip58
\enit@outerparindent=\dimen183
\enit@toks=\toks26
\enit@inbox=\box62
\enit@count@id=\count301
\enitdp@description=\count302
)
(C:\Program Files\MiKTeX\tex/latex/xurl\xurl.sty
Package: xurl 2022/01/09 v 0.10 modify URL breaks

(C:\Program Files\MiKTeX\tex/latex/url\url.sty
\Urlmuskip=\muskip17
Package: url 2013/09/16  ver 3.4  Verb mode for urls, etc.
))
(C:\Program Files\MiKTeX\tex/latex/hyperref\hyperref.sty
Package: hyperref 2026-04-24 v7.01q Hypertext links for LaTeX

(C:\Program Files\MiKTeX\tex/latex/kvsetkeys\kvsetkeys.sty
Package: kvsetkeys 2022-10-05 v1.19 Key value parser (HO)
)
(C:\Program Files\MiKTeX\tex/generic/kvdefinekeys\kvdefinekeys.sty
Package: kvdefinekeys 2019-12-19 v1.6 Define keys (HO)
)
(C:\Program Files\MiKTeX\tex/generic/pdfescape\pdfescape.sty
Package: pdfescape 2019/12/09 v1.15 Implements pdfTeX's escape features (HO)

(C:\Program Files\MiKTeX\tex/generic/ltxcmds\ltxcmds.sty
Package: ltxcmds 2023-12-04 v1.26 LaTeX kernel commands for general use (HO)
)
(C:\Program Files\MiKTeX\tex/generic/pdftexcmds\pdftexcmds.sty
Package: pdftexcmds 2020-06-27 v0.33 Utility functions of pdfTeX for LuaTeX (HO
)

(C:\Program Files\MiKTeX\tex/generic/infwarerr\infwarerr.sty
Package: infwarerr 2019/12/03 v1.5 Providing info/warning/error messages (HO)
)
Package pdftexcmds Info: \pdf@primitive is available.
Package pdftexcmds Info: \pdf@ifprimitive is available.
Package pdftexcmds Info: \pdfdraftmode found.
))
(C:\Program Files\MiKTeX\tex/latex/hycolor\hycolor.sty
Package: hycolor 2020-01-27 v1.10 Color options for hyperref/bookmark (HO)
)
(C:\Program Files\MiKTeX\tex/latex/hyperref\nameref.sty
Package: nameref 2026-01-29 v2.58 Cross-referencing by name of section

(C:\Program Files\MiKTeX\tex/latex/refcount\refcount.sty
Package: refcount 2019/12/15 v3.6 Data extraction from label references (HO)
)
(C:\Program Files\MiKTeX\tex/generic/gettitlestring\gettitlestring.sty
Package: gettitlestring 2019/12/15 v1.6 Cleanup title references (HO)

(C:\Program Files\MiKTeX\tex/latex/kvoptions\kvoptions.sty
Package: kvoptions 2022-06-15 v3.15 Key value format for package options (HO)
))
\c@section@level=\count303
)
(C:\Program Files\MiKTeX\tex/latex/etoolbox\etoolbox.sty
Package: etoolbox 2025/10/02 v2.5m e-TeX tools for LaTeX (JAW)
\etb@tempcnta=\count304
)
(C:\Program Files\MiKTeX\tex/generic/stringenc\stringenc.sty
Package: stringenc 2019/11/29 v1.12 Convert strings between diff. encodings (HO
)
)
\@linkdim=\dimen184
\Hy@linkcounter=\count305
\Hy@pagecounter=\count306

(C:\Program Files\MiKTeX\tex/latex/hyperref\pd1enc.def
File: pd1enc.def 2026-04-24 v7.01q Hyperref: PDFDocEncoding definition (HO)
Now handling font encoding PD1 ...
... no UTF-8 mapping file for font encoding PD1
)
(C:\Program Files\MiKTeX\tex/generic/intcalc\intcalc.sty
Package: intcalc 2019/12/15 v1.3 Expandable calculations with integers (HO)
)
\Hy@SavedSpaceFactor=\count307

(C:\Program Files\MiKTeX\tex/latex/hyperref\puenc.def
File: puenc.def 2026-04-24 v7.01q Hyperref: PDF Unicode definition (HO)
Now handling font encoding PU ...
... no UTF-8 mapping file for font encoding PU
)
Package hyperref Info: Hyper figures OFF on input line 4199.
Package hyperref Info: Link nesting OFF on input line 4204.
Package hyperref Info: Hyper index ON on input line 4207.
Package hyperref Info: Plain pages OFF on input line 4214.
Package hyperref Info: Backreferencing OFF on input line 4219.
Package hyperref Info: Implicit mode ON; LaTeX internals redefined.
Package hyperref Info: Bookmarks ON on input line 4466.
\c@Hy@tempcnt=\count308
LaTeX Info: Redefining \url on input line 4805.
\XeTeXLinkMargin=\dimen185

(C:\Program Files\MiKTeX\tex/generic/bitset\bitset.sty
Package: bitset 2019/12/09 v1.3 Handle bit-vector datatype (HO)

(C:\Program Files\MiKTeX\tex/generic/bigintcalc\bigintcalc.sty
Package: bigintcalc 2019/12/15 v1.5 Expandable calculations on big integers (HO
)
))
\Fld@menulength=\count309
\Field@Width=\dimen186
\Fld@charsize=\dimen187
Package hyperref Info: Hyper figures OFF on input line 6091.
Package hyperref Info: Link nesting OFF on input line 6096.
Package hyperref Info: Hyper index ON on input line 6099.
Package hyperref Info: backreferencing OFF on input line 6106.
Package hyperref Info: Link coloring OFF on input line 6111.
Package hyperref Info: Link coloring with OCG OFF on input line 6116.
Package hyperref Info: PDF/A mode OFF on input line 6121.
\Hy@abspage=\count310
\c@Item=\count311
\c@Hfootnote=\count312
)
Package hyperref Info: Driver (autodetected): hpdftex.

(C:\Program Files\MiKTeX\tex/latex/hyperref\hpdftex.def
File: hpdftex.def 2026-04-24 v7.01q Hyperref driver for pdfTeX
\Fld@listcount=\count313
\c@bookmark@seq@number=\count314

(C:\Program Files\MiKTeX\tex/latex/rerunfilecheck\rerunfilecheck.sty
Package: rerunfilecheck 2025-06-21 v1.11 Rerun checks for auxiliary files (HO)

(C:\Program Files\MiKTeX\tex/generic/uniquecounter\uniquecounter.sty
Package: uniquecounter 2019/12/15 v1.4 Provide unlimited unique counter (HO)
)
Package uniquecounter Info: New unique counter `rerunfilecheck' on input line 2
84.
)
\Hy@SectionHShift=\skip59
)
(C:\Program Files\MiKTeX\tex/latex/setspace\setspace.sty
Package: setspace 2022/12/04 v6.7b set line spacing
)
(C:\Program Files\MiKTeX\tex/latex/l3backend\l3backend-pdftex.def
File: l3backend-pdftex.def 2026-02-18 L3 backend support: PDF output (pdfTeX)
\l__color_backend_stack_int=\count315
) (main.aux
Package babel Info: 'vietnamese' activates 'vietnamese' shorthands.
(babel)             Reported on input line 8.


LaTeX Warning: Label `fig:erd' multiply defined.


LaTeX Warning: Label `fig:erd' multiply defined.


LaTeX Warning: Label `fig:erd' multiply defined.


LaTeX Warning: Label `fig:erd' multiply defined.


LaTeX Warning: Label `fig:erd' multiply defined.


LaTeX Warning: Label `fig:erd' multiply defined.


LaTeX Warning: Label `fig:erd' multiply defined.


LaTeX Warning: Label `fig:erd' multiply defined.


LaTeX Warning: Label `fig:erd' multiply defined.


LaTeX Warning: Label `fig:erd' multiply defined.


LaTeX Warning: Label `fig:erd' multiply defined.


LaTeX Warning: Label `fig:erd' multiply defined.


LaTeX Warning: Label `fig:erd' multiply defined.


LaTeX Warning: Label `fig:erd' multiply defined.


LaTeX Warning: Label `fig:erd' multiply defined.


LaTeX Warning: Label `fig:erd' multiply defined.


LaTeX Warning: Label `fig:erd' multiply defined.


LaTeX Warning: Label `fig:erd' multiply defined.


LaTeX Warning: Label `fig:erd' multiply defined.


LaTeX Warning: Label `fig:erd' multiply defined.


LaTeX Warning: Label `fig:erd' multiply defined.


LaTeX Warning: Label `fig:erd' multiply defined.


LaTeX Warning: Label `fig:erd' multiply defined.


LaTeX Warning: Label `fig:erd' multiply defined.


LaTeX Warning: Label `fig:erd' multiply defined.


LaTeX Warning: Label `fig:erd' multiply defined.


LaTeX Warning: Label `fig:erd' multiply defined.


LaTeX Warning: Label `fig:erd' multiply defined.


LaTeX Warning: Label `fig:erd' multiply defined.


LaTeX Warning: Label `fig:erd' multiply defined.


LaTeX Warning: Label `fig:erd' multiply defined.


LaTeX Warning: Label `fig:erd' multiply defined.


LaTeX Warning: Label `fig:erd' multiply defined.


LaTeX Warning: Label `fig:erd' multiply defined.


LaTeX Warning: Label `fig:erd' multiply defined.


LaTeX Warning: Label `fig:admin' multiply defined.


LaTeX Warning: Label `fig:admin' multiply defined.


LaTeX Warning: Label `fig:admin' multiply defined.


LaTeX Warning: Label `fig:admin' multiply defined.


LaTeX Warning: Label `fig:admin' multiply defined.


LaTeX Warning: Label `fig:admin' multiply defined.


LaTeX Warning: Label `fig:admin' multiply defined.


LaTeX Warning: Label `fig:admin' multiply defined.


LaTeX Warning: Label `fig:admin' multiply defined.


LaTeX Warning: Label `fig:admin' multiply defined.


LaTeX Warning: Label `fig:admin' multiply defined.


LaTeX Warning: Label `fig:admin' multiply defined.


LaTeX Warning: Label `fig:admin' multiply defined.


LaTeX Warning: Label `fig:admin' multiply defined.


LaTeX Warning: Label `fig:admin' multiply defined.


LaTeX Warning: Label `fig:admin' multiply defined.


LaTeX Warning: Label `fig:admin' multiply defined.


LaTeX Warning: Label `fig:admin' multiply defined.


LaTeX Warning: Label `fig:admin' multiply defined.


LaTeX Warning: Label `fig:admin' multiply defined.


LaTeX Warning: Label `fig:admin' multiply defined.


LaTeX Warning: Label `fig:admin' multiply defined.


LaTeX Warning: Label `fig:admin' multiply defined.


LaTeX Warning: Label `fig:admin' multiply defined.


LaTeX Warning: Label `fig:admin' multiply defined.


LaTeX Warning: Label `fig:admin' multiply defined.


LaTeX Warning: Label `fig:admin' multiply defined.


LaTeX Warning: Label `fig:backend_package_diagram' multiply defined.


LaTeX Warning: Label `fig:erd' multiply defined.


LaTeX Warning: Label `fig:erd' multiply defined.


LaTeX Warning: Label `fig:erd' multiply defined.


LaTeX Warning: Label `fig:erd' multiply defined.


LaTeX Warning: Label `fig:erd' multiply defined.


LaTeX Warning: Label `fig:erd' multiply defined.


LaTeX Warning: Label `fig:erd' multiply defined.


LaTeX Warning: Label `fig:class-track-publication-trends' multiply defined.


LaTeX Warning: Label `fig:erd' multiply defined.


LaTeX Warning: Label `fig:erd' multiply defined.


LaTeX Warning: Label `fig:erd' multiply defined.


LaTeX Warning: Label `fig:class-track-publication-trends' multiply defined.


LaTeX Warning: Label `fig:class-track-publication-trends' multiply defined.


LaTeX Warning: Label `fig:class-track-publication-trends' multiply defined.


LaTeX Warning: Label `fig:class-track-publication-trends' multiply defined.


LaTeX Warning: Label `fig:erd' multiply defined.


LaTeX Warning: Label `fig:erd' multiply defined.


LaTeX Warning: Label `fig:erd' multiply defined.


LaTeX Warning: Label `fig:erd' multiply defined.


LaTeX Warning: Label `fig:erd' multiply defined.


LaTeX Warning: Label `fig:erd' multiply defined.


LaTeX Warning: Label `fig:erd' multiply defined.


LaTeX Warning: Label `fig:erd' multiply defined.


LaTeX Warning: Label `fig:erd' multiply defined.


LaTeX Warning: Label `fig:erd' multiply defined.


LaTeX Warning: Label `fig:erd' multiply defined.


LaTeX Warning: Label `fig:erd' multiply defined.


LaTeX Warning: Label `fig:erd' multiply defined.


LaTeX Warning: Label `fig:erd' multiply defined.


LaTeX Warning: Label `fig:erd' multiply defined.


LaTeX Warning: Label `fig:erd' multiply defined.


LaTeX Warning: Label `fig:erd' multiply defined.


LaTeX Warning: Label `fig:erd' multiply defined.


LaTeX Warning: Label `fig:erd' multiply defined.


LaTeX Warning: Label `fig:erd' multiply defined.


LaTeX Warning: Label `fig:erd' multiply defined.


LaTeX Warning: Label `fig:erd' multiply defined.


LaTeX Warning: Label `fig:erd' multiply defined.

)
\openout1 = `main.aux'.

LaTeX Font Info:    Checking defaults for OML/cmm/m/it on input line 76.
LaTeX Font Info:    ... okay on input line 76.
LaTeX Font Info:    Checking defaults for OMS/cmsy/m/n on input line 76.
LaTeX Font Info:    ... okay on input line 76.
LaTeX Font Info:    Checking defaults for OT1/cmr/m/n on input line 76.
LaTeX Font Info:    ... okay on input line 76.
LaTeX Font Info:    Checking defaults for T1/cmr/m/n on input line 76.
LaTeX Font Info:    ... okay on input line 76.
LaTeX Font Info:    Checking defaults for TS1/cmr/m/n on input line 76.
LaTeX Font Info:    ... okay on input line 76.
LaTeX Font Info:    Checking defaults for OMX/cmex/m/n on input line 76.
LaTeX Font Info:    ... okay on input line 76.
LaTeX Font Info:    Checking defaults for U/cmr/m/n on input line 76.
LaTeX Font Info:    ... okay on input line 76.
LaTeX Font Info:    Checking defaults for T5/cmr/m/n on input line 76.
LaTeX Font Info:    ... okay on input line 76.
LaTeX Font Info:    Checking defaults for PD1/pdf/m/n on input line 76.
LaTeX Font Info:    ... okay on input line 76.
LaTeX Font Info:    Checking defaults for PU/pdf/m/n on input line 76.
LaTeX Font Info:    ... okay on input line 76.
 (C:\Program Files\MiKTeX\tex/context/base/mkii\supp-pdf.mkii
[Loading MPS to PDF converter (version 2006.09.02).]
\scratchcounter=\count316
\scratchdimen=\dimen188
\scratchbox=\box63
\nofMPsegments=\count317
\nofMParguments=\count318
\everyMPshowfont=\toks27
\MPscratchCnt=\count319
\MPscratchDim=\dimen189
\MPnumerator=\count320
\makeMPintoPDFobject=\count321
\everyMPtoPDFconversion=\toks28
) (C:\Program Files\MiKTeX\tex/latex/epstopdf-pkg\epstopdf-base.sty
Package: epstopdf-base 2020-01-24 v2.11 Base part for package epstopdf
Package epstopdf-base Info: Redefining graphics rule for `.eps' on input line 4
85.

(C:\Program Files\MiKTeX\tex/latex/00miktex\epstopdf-sys.cfg
File: epstopdf-sys.cfg 2021/03/18 v2.0 Configuration of epstopdf for MiKTeX
))
*geometry* driver: auto-detecting
*geometry* detected driver: pdftex
*geometry* verbose mode - [ preamble ] result:
* driver: pdftex
* paper: a4paper
* layout: <same size as paper>
* layoutoffset:(h,v)=(0.0pt,0.0pt)
* modes: 
* h-part:(L,W,R)=(72.26999pt, 452.9679pt, 72.26999pt)
* v-part:(T,H,B)=(72.26999pt, 700.50687pt, 72.26999pt)
* \paperwidth=597.50787pt
* \paperheight=845.04684pt
* \textwidth=452.9679pt
* \textheight=700.50687pt
* \oddsidemargin=0.0pt
* \evensidemargin=0.0pt
* \topmargin=-37.0pt
* \headheight=12.0pt
* \headsep=25.0pt
* \topskip=12.0pt
* \footskip=30.0pt
* \marginparwidth=35.0pt
* \marginparsep=10.0pt
* \columnsep=10.0pt
* \skip\footins=10.8pt plus 4.0pt minus 2.0pt
* \hoffset=0.0pt
* \voffset=0.0pt
* \mag=1000
* \@twocolumnfalse
* \@twosidefalse
* \@mparswitchfalse
* \@reversemarginfalse
* (1in=72.27pt=25.4mm, 1cm=28.453pt)

Package hyperref Info: Link coloring OFF on input line 76.
(main.out) (main.out)
\@outlinefile=\write3
\openout3 = `main.out'.

 [1

{C:/Users/baotr/AppData/Local/MiKTeX/fonts/map/pdftex/pdftex.map}]

Package hyperref Warning: Token not allowed in a PDF string (Unicode):
(hyperref)                removing `\<let>-command' on input line 90.


Package hyperref Warning: Token not allowed in a PDF string (Unicode):
(hyperref)                removing `\\' on input line 90.


Package hyperref Warning: Token not allowed in a PDF string (Unicode):
(hyperref)                removing `\@centercr' on input line 90.


Package hyperref Warning: Token not allowed in a PDF string (Unicode):
(hyperref)                removing `\rightskip' on input line 90.


Package hyperref Warning: Token not allowed in a PDF string (Unicode):
(hyperref)                removing `\@flushglue' on input line 90.


Package hyperref Warning: Token not allowed in a PDF string (Unicode):
(hyperref)                removing `\leftskip' on input line 90.


Package hyperref Warning: Token not allowed in a PDF string (Unicode):
(hyperref)                removing `\@flushglue' on input line 90.


Package hyperref Warning: Token not allowed in a PDF string (Unicode):
(hyperref)                removing `\finalhyphendemerits' on input line 90.


Package hyperref Warning: Token not allowed in a PDF string (Unicode):
(hyperref)                removing `\z@' on input line 90.


Package hyperref Warning: Token not allowed in a PDF string (Unicode):
(hyperref)                removing `\parindent' on input line 90.


Package hyperref Warning: Token not allowed in a PDF string (Unicode):
(hyperref)                removing `\z@' on input line 90.


Package hyperref Warning: Token not allowed in a PDF string (Unicode):
(hyperref)                removing `\parfillskip' on input line 90.


Package hyperref Warning: Token not allowed in a PDF string (Unicode):
(hyperref)                removing `\z@skip' on input line 90.

LaTeX Font Info:    Trying to load font information for T5+cmtt on input line 1
01.
(C:\Program Files\MiKTeX\tex/latex/vntex\t5cmtt.fd
File: t5cmtt.fd 1999/05/25 v2.5h Standard LaTeX font definitions
)
LaTeX Font Info:    External font `cmex10' loaded for size
(Font)              <12> on input line 101.
LaTeX Font Info:    External font `cmex10' loaded for size
(Font)              <8> on input line 101.
LaTeX Font Info:    External font `cmex10' loaded for size
(Font)              <6> on input line 101.
 [2

] [3]

Package hyperref Warning: Token not allowed in a PDF string (Unicode):
(hyperref)                removing `\<let>-command' on input line 217.


Package hyperref Warning: Token not allowed in a PDF string (Unicode):
(hyperref)                removing `\\' on input line 217.


Package hyperref Warning: Token not allowed in a PDF string (Unicode):
(hyperref)                removing `\@centercr' on input line 217.


Package hyperref Warning: Token not allowed in a PDF string (Unicode):
(hyperref)                removing `\rightskip' on input line 217.


Package hyperref Warning: Token not allowed in a PDF string (Unicode):
(hyperref)                removing `\@flushglue' on input line 217.


Package hyperref Warning: Token not allowed in a PDF string (Unicode):
(hyperref)                removing `\leftskip' on input line 217.


Package hyperref Warning: Token not allowed in a PDF string (Unicode):
(hyperref)                removing `\@flushglue' on input line 217.


Package hyperref Warning: Token not allowed in a PDF string (Unicode):
(hyperref)                removing `\finalhyphendemerits' on input line 217.


Package hyperref Warning: Token not allowed in a PDF string (Unicode):
(hyperref)                removing `\z@' on input line 217.


Package hyperref Warning: Token not allowed in a PDF string (Unicode):
(hyperref)                removing `\parindent' on input line 217.


Package hyperref Warning: Token not allowed in a PDF string (Unicode):
(hyperref)                removing `\z@' on input line 217.


Package hyperref Warning: Token not allowed in a PDF string (Unicode):
(hyperref)                removing `\parfillskip' on input line 217.


Package hyperref Warning: Token not allowed in a PDF string (Unicode):
(hyperref)                removing `\z@skip' on input line 217.


pdfTeX warning (ext4): destination with the same identifier (name{section.1}) h
as been already used, duplicate ignored
<to be read again> 
                   \relax 
l.223 	\section{Overview}
                         
pdfTeX warning (ext4): destination with the same identifier (name{subsection.1.
1}) has been already used, duplicate ignored
<to be read again> 
                   \relax 
l.224 	\subsection{Scope and estimation}
                                        
Overfull \hbox (27.8644pt too wide) in alignment at lines 226--231
 [] [] [] [] 
 []


Overfull \hbox (27.8644pt too wide) in alignment at lines 231--237
 [] [] [] [] 
 []


Underfull \hbox (badness 10000) in paragraph at lines 248--248
[]|\T5/cmr/m/n/12 Set up de-vel-op-ment en-vi-ron-ment (GitHub,
 []


Overfull \hbox (27.8644pt too wide) in alignment at lines 237--318
 [] [] [] [] 
 []

[4

]
pdfTeX warning (ext4): destination with the same identifier (name{subsection.1.
2}) has been already used, duplicate ignored
<to be read again> 
                   \relax 
l.319 	\subsection{Project Objective}
                                     
Overfull \hbox (9.70479pt too wide) in paragraph at lines 332--332
[]|\T5/cmr/bx/n/12 Possibility| 
 []


Overfull \hbox (9.70479pt too wide) in paragraph at lines 342--342
[]|\T5/cmr/bx/n/12 Possibility| 
 []


Underfull \hbox (badness 1184) in paragraph at lines 348--348
[]|\T5/cmr/m/n/12 External aca-demic
 []


Underfull \hbox (badness 10000) in paragraph at lines 348--348
\T5/cmr/m/n/12 APIs (Se-man-tic
 []


Underfull \hbox (badness 10000) in paragraph at lines 348--348
\T5/cmr/m/n/12 Scholar, Ope-
 []


Underfull \hbox (badness 10000) in paragraph at lines 348--348
\T5/cmr/m/n/12 nAlex, Cross-ref)
 []


Underfull \hbox (badness 10000) in paragraph at lines 348--348
\T5/cmr/m/n/12 or change their
 []


Underfull \hbox (badness 1881) in paragraph at lines 349--349
[]|\T5/cmr/m/n/12 The sys-tem can-not
 []


Underfull \hbox (badness 7522) in paragraph at lines 349--349
\T5/cmr/m/n/12 re-trieve pub-li-ca-tion
 []


Underfull \hbox (badness 1845) in paragraph at lines 349--349
\T5/cmr/m/n/12 plete search re-sults
 []


Underfull \hbox (badness 10000) in paragraph at lines 351--352
\T5/cmr/m/n/12 mech-a-nisms, mon-i-tor
 []


Underfull \hbox (badness 10000) in paragraph at lines 351--352
\T5/cmr/m/n/12 API sta-tus reg-u-larly,
 []


Underfull \hbox (badness 10000) in paragraph at lines 351--352
\T5/cmr/m/n/12 and cache pre-vi-ously
 []


Underfull \hbox (badness 3039) in paragraph at lines 355--355
[]|\T5/cmr/m/n/12 Large vol-umes of
 []


Underfull \hbox (badness 10000) in paragraph at lines 355--355
\T5/cmr/m/n/12 pub-li-ca-tion data
 []


Underfull \hbox (badness 10000) in paragraph at lines 356--356
[]|\T5/cmr/m/n/12 Users ex-pe-ri-ence
 []


Underfull \hbox (badness 1033) in paragraph at lines 356--356
\T5/cmr/m/n/12 li-ca-tions or view-ing
 []


Underfull \hbox (badness 10000) in paragraph at lines 358--359
[]|\T5/cmr/m/n/12 Optimize database
 []


Underfull \hbox (badness 10000) in paragraph at lines 358--359
\T5/cmr/m/n/12 in-dex-ing, im-ple-ment
 []


Underfull \hbox (badness 10000) in paragraph at lines 358--359
\T5/cmr/m/n/12 pag-i-na-tion, caching,
 []


Underfull \hbox (badness 6625) in paragraph at lines 362--362
\T5/cmr/m/n/12 i-ties ex-pose user
 []


Underfull \hbox (badness 10000) in paragraph at lines 363--363
\T5/cmr/m/n/12 data leak-age, and
 []


Underfull \hbox (badness 10000) in paragraph at lines 365--366
[]|\T5/cmr/m/n/12 Use JWT au-then-ti-ca-
 []


Underfull \hbox (badness 1968) in paragraph at lines 365--366
\T5/cmr/m/n/12 tion, RBAC au-tho-riza-
 []


Underfull \hbox (badness 10000) in paragraph at lines 365--366
\T5/cmr/m/n/12 HTTPS, and reg-u-lar
 []


Underfull \hbox (badness 2073) in paragraph at lines 369--369
\T5/cmr/m/n/12 cu-rate be-cause of
 []


Underfull \hbox (badness 10000) in paragraph at lines 370--370
[]|\T5/cmr/m/n/12 Generated re-ports
 []


Underfull \hbox (badness 5175) in paragraph at lines 370--370
\T5/cmr/m/n/12 and statis-tics may
 []


Underfull \hbox (badness 10000) in paragraph at lines 370--370
\T5/cmr/m/n/12 mis-lead users' re-
 []


Underfull \hbox (badness 6542) in paragraph at lines 376--376
\T5/cmr/m/n/12 be-tween fron-tend,
 []


Underfull \hbox (badness 10000) in paragraph at lines 376--376
\T5/cmr/m/n/12 back-end, and
 []


Underfull \hbox (badness 10000) in paragraph at lines 376--376
\T5/cmr/m/n/12 database en-coun-
 []


Underfull \hbox (badness 10000) in paragraph at lines 376--376
\T5/cmr/m/n/12 ters com-pat-i-bil-ity
 []


Underfull \hbox (badness 3000) in paragraph at lines 377--377
[]|\T5/cmr/m/n/12 Development de-lays
 []


Underfull \hbox (badness 1917) in paragraph at lines 377--377
\T5/cmr/m/n/12 tem fail-ures dur-ing
 []


Underfull \hbox (badness 10000) in paragraph at lines 379--380
[]|\T5/cmr/m/n/12 Perform in-te-gra-tion
 []


Underfull \hbox (badness 10000) in paragraph at lines 379--380
\T5/cmr/m/n/12 test-ing con-tin-u-ously
 []


Underfull \hbox (badness 10000) in paragraph at lines 379--380
\T5/cmr/m/n/12 and main-tain ver-sion
 []


Underfull \hbox (badness 1960) in paragraph at lines 383--383
\T5/cmr/m/n/12 be-fore de-ploy-ment
 []


Underfull \hbox (badness 2269) in paragraph at lines 383--383
\T5/cmr/m/n/12 leaves crit-i-cal de-
 []


Underfull \hbox (badness 1521) in paragraph at lines 384--384
[]|\T5/cmr/m/n/12 System crashes, in-
 []


Underfull \hbox (badness 10000) in paragraph at lines 386--387
[]|\T5/cmr/m/n/12 Prepare com-pre-hen-sive
 []


Underfull \hbox (badness 10000) in paragraph at lines 386--387
\T5/cmr/m/n/12 con-duct func-tional,
 []


Underfull \hbox (badness 10000) in paragraph at lines 386--387
\T5/cmr/m/n/12 in-te-gra-tion, and user
 []


Underfull \hbox (badness 10000) in paragraph at lines 390--390
[]|\T5/cmr/m/n/12 Project sched-ule
 []


Underfull \hbox (badness 10000) in paragraph at lines 390--390
\T5/cmr/m/n/12 de-lays due to
 []


Underfull \hbox (badness 10000) in paragraph at lines 390--390
\T5/cmr/m/n/12 un-der-es-ti-mated
 []


Underfull \hbox (badness 10000) in paragraph at lines 390--390
\T5/cmr/m/n/12 im-ple-men-ta-tion
 []


Underfull \hbox (badness 1117) in paragraph at lines 391--391
[]|\T5/cmr/m/n/12 Failure to com-plete
 []


Underfull \hbox (badness 5756) in paragraph at lines 391--391
\T5/cmr/m/n/12 the project within
 []

[5]
pdfTeX warning (ext4): destination with the same identifier (name{section.2}) h
as been already used, duplicate ignored
<to be read again> 
                   \relax 
l.397 	\section{Project Deliverables}
                                     
Overfull \hbox (130.56303pt too wide) in paragraph at lines 404--450
[] 
 []


Package array Warning: Column L is already defined on input line 452.


Package array Warning: Column C is already defined on input line 453.

[6]
Overfull \hbox (69.7582pt too wide) in paragraph at lines 465--505
[][]
 []


Underfull \hbox (badness 10000) in paragraph at lines 465--505

 []

[7]
Overfull \hbox (1.54361pt too wide) in paragraph at lines 515--515
[]|\T5/cmr/bx/n/10.95 Communication 
 []


Overfull \hbox (55.67459pt too wide) in paragraph at lines 512--554
[][] 
 []

[8]

Package array Warning: Column L is already defined on input line 569.

[9]

Package hyperref Warning: Token not allowed in a PDF string (Unicode):
(hyperref)                removing `\<let>-command' on input line 611.


Package hyperref Warning: Token not allowed in a PDF string (Unicode):
(hyperref)                removing `\\' on input line 611.


Package hyperref Warning: Token not allowed in a PDF string (Unicode):
(hyperref)                removing `\@centercr' on input line 611.


Package hyperref Warning: Token not allowed in a PDF string (Unicode):
(hyperref)                removing `\rightskip' on input line 611.


Package hyperref Warning: Token not allowed in a PDF string (Unicode):
(hyperref)                removing `\@flushglue' on input line 611.


Package hyperref Warning: Token not allowed in a PDF string (Unicode):
(hyperref)                removing `\leftskip' on input line 611.


Package hyperref Warning: Token not allowed in a PDF string (Unicode):
(hyperref)                removing `\@flushglue' on input line 611.


Package hyperref Warning: Token not allowed in a PDF string (Unicode):
(hyperref)                removing `\finalhyphendemerits' on input line 611.


Package hyperref Warning: Token not allowed in a PDF string (Unicode):
(hyperref)                removing `\z@' on input line 611.


Package hyperref Warning: Token not allowed in a PDF string (Unicode):
(hyperref)                removing `\parindent' on input line 611.


Package hyperref Warning: Token not allowed in a PDF string (Unicode):
(hyperref)                removing `\z@' on input line 611.


Package hyperref Warning: Token not allowed in a PDF string (Unicode):
(hyperref)                removing `\parfillskip' on input line 611.


Package hyperref Warning: Token not allowed in a PDF string (Unicode):
(hyperref)                removing `\z@skip' on input line 611.


pdfTeX warning (ext4): destination with the same identifier (name{section.1}) h
as been already used, duplicate ignored
<to be read again> 
                   \relax 
l.617 \section{Product Overview}
                                
<Context_Diagram.png, id=769, 1109.14375pt x 679.53876pt>
File: Context_Diagram.png Graphic file (type png)
<use Context_Diagram.png>
Package pdftex.def Info: Context_Diagram.png  used on input line 628.
(pdftex.def)             Requested size: 430.31812pt x 263.63998pt.

pdfTeX warning (ext4): destination with the same identifier (name{section.2}) h
as been already used, duplicate ignored
<to be read again> 
                   \relax 
l.633 \section{User Requirements}
                                 
pdfTeX warning (ext4): destination with the same identifier (name{subsection.2.
1}) has been already used, duplicate ignored
<to be read again> 
                   \relax 
l.635 \subsection{Actors}
                         
Underfull \hbox (badness 10000) in paragraph at lines 657--657
[]|\T5/cmr/m/n/10.95 Publication Trend
 []

[10

 <./Context_Diagram.png>] [11]
pdfTeX warning (ext4): destination with the same identifier (name{subsection.2.
2}) has been already used, duplicate ignored
<to be read again> 
                   \relax 
l.670 \subsection{Use Case Diagrams}
                                    
pdfTeX warning (ext4): destination with the same identifier (name{subsubsection
.2.2.1}) has been already used, duplicate ignored
<to be read again> 
                   \relax 
l.671 \subsubsection{Diagram}
                             
<ucd.png, id=779, 1035.87pt x 849.1725pt>
File: ucd.png Graphic file (type png)
<use ucd.png>
Package pdftex.def Info: ucd.png  used on input line 674.
(pdftex.def)             Requested size: 452.9679pt x 371.33066pt.

pdfTeX warning (ext4): destination with the same identifier (name{subsubsection
.2.2.2}) has been already used, duplicate ignored
<to be read again> 
                   \relax 
l.679 \subsubsection{Use Case Descriptions}
                                           
Overfull \hbox (16.41492pt too wide) in paragraph at lines 757--757
[]|\T5/cmr/m/n/10.95 Administrator|  
 []


Overfull \hbox (16.41492pt too wide) in paragraph at lines 765--765
[]|\T5/cmr/m/n/10.95 Administrator|  
 []


Overfull \hbox (16.41492pt too wide) in paragraph at lines 773--773
[]|\T5/cmr/m/n/10.95 Administrator|  
 []


Overfull \hbox (16.41492pt too wide) in paragraph at lines 781--781
[]|\T5/cmr/m/n/10.95 Administrator|  
 []

[12

 <./ucd.png>] [13]
<res.jpg, id=793, 844.3545pt x 392.06474pt>
File: res.jpg Graphic file (type jpg)
<use res.jpg>
Package pdftex.def Info: res.jpg  used on input line 795.
(pdftex.def)             Requested size: 452.9679pt x 210.32986pt.
<admin.png, id=794, 2730.2pt x 4207.72pt>
File: admin.png Graphic file (type png)
<use admin.png>
Package pdftex.def Info: admin.png  used on input line 801.
(pdftex.def)             Requested size: 452.9679pt x 698.09613pt.
 [14] [15 <./res.jpg>] [16 <./admin.png>] [17] [18]

Package array Warning: Column L is already defined on input line 909.


Package array Warning: Column C is already defined on input line 910.


Package array Warning: Column L is already defined on input line 917.


Package array Warning: Column C is already defined on input line 918.


Overfull \hbox (5.40158pt too wide) in paragraph at lines 922--922
 []|[]\T5/cmr/bx/n/10.95 Lecturer/Student[]| 
 []


Overfull \hbox (21.82341pt too wide) in alignment at lines 920--924
 [] [] [] [] 
 []


Overfull \hbox (5.40158pt too wide) in paragraph at lines 927--927
 []|[]\T5/cmr/bx/n/10.95 Lecturer/Student[]| 
 []


Overfull \hbox (21.82341pt too wide) in alignment at lines 924--929
 [] [] [] [] 
 []


Overfull \hbox (21.82341pt too wide) in alignment at lines 929--932
 [] [] [] [] 
 []


Overfull \hbox (21.82341pt too wide) in alignment at lines 932--955
 [] [] [] [] 
 []

[19]

Package array Warning: Column L is already defined on input line 959.


Package array Warning: Column C is already defined on input line 960.

[20]
<erd.png, id=827, 541.27219pt x 371.13657pt>
File: erd.png Graphic file (type png)
<use erd.png>
Package pdftex.def Info: erd.png  used on input line 989.
(pdftex.def)             Requested size: 452.9679pt x 310.5973pt.
 [21]
<gđk.jpg, id=832, 694.595pt x 779.91376pt>
File: gđk.jpg Graphic file (type jpg)
<use gđk.jpg>
Package pdftex.def Info: gđk.jpg  used on input line 1013.
(pdftex.def)             Requested size: 452.9679pt x 508.62782pt.
 [22 <./erd.png>]
<dkl.jpg, id=839, 694.595pt x 521.95pt>
File: dkl.jpg Graphic file (type jpg)
<use dkl.jpg>
Package pdftex.def Info: dkl.jpg  used on input line 1022.
(pdftex.def)             Requested size: 452.9679pt x 340.39441pt.
 [23 <./gđk.jpg>]
<tentontai.png, id=845, 208.27812pt x 307.64937pt>
File: tentontai.png Graphic file (type png)
<use tentontai.png>
Package pdftex.def Info: tentontai.png  used on input line 1032.
(pdftex.def)             Requested size: 452.9679pt x 669.16951pt.
 [24 <./dkl.jpg>] [25 <./tentontai.png>]
<matkhaukhac.png, id=858, 279.0425pt x 340.77313pt>
File: matkhaukhac.png Graphic file (type png)
<use matkhaukhac.png>
Package pdftex.def Info: matkhaukhac.png  used on input line 1042.
(pdftex.def)             Requested size: 452.9679pt x 553.19339pt.
<dk.jpg, id=859, 719.68875pt x 789.95125pt>
File: dk.jpg Graphic file (type jpg)
<use dk.jpg>
Package pdftex.def Info: dk.jpg  used on input line 1052.
(pdftex.def)             Requested size: 452.9679pt x 497.20183pt.
 [26 <./matkhaukhac.png>] [27 <./dk.jpg>]
File: dk.jpg Graphic file (type jpg)
<use dk.jpg>
Package pdftex.def Info: dk.jpg  used on input line 1078.
(pdftex.def)             Requested size: 452.9679pt x 497.20183pt.
<dnl.jpg, id=871, 694.595pt x 469.755pt>
File: dnl.jpg Graphic file (type jpg)
<use dnl.jpg>
Package pdftex.def Info: dnl.jpg  used on input line 1087.
(pdftex.def)             Requested size: 452.9679pt x 306.35497pt.
 [28]
<gdc.jpg, id=877, 1346.02875pt x 2392.94pt>
File: gdc.jpg Graphic file (type jpg)
<use gdc.jpg>
Package pdftex.def Info: gdc.jpg  used on input line 1096.
(pdftex.def)             Requested size: 452.9679pt x 805.26382pt.
 [29 <./dnl.jpg>]
Overfull \vbox (131.58972pt too high) has occurred while \output is active []


[30 <./gdc.jpg>]
<prof.jpg, id=888, 1346.02875pt x 1194.4625pt>
File: prof.jpg Graphic file (type jpg)
<use prof.jpg>
Package pdftex.def Info: prof.jpg  used on input line 1119.
(pdftex.def)             Requested size: 452.9679pt x 401.95634pt.
<editprof.jpg, id=889, 1368.11125pt x 1194.4625pt>
File: editprof.jpg Graphic file (type jpg)
<use editprof.jpg>
Package pdftex.def Info: editprof.jpg  used on input line 1128.
(pdftex.def)             Requested size: 452.9679pt x 395.46788pt.
 [31 <./prof.jpg>]
<tencstontai.png, id=896, 927.465pt x 410.03188pt>
File: tencstontai.png Graphic file (type png)
<use tencstontai.png>
Package pdftex.def Info: tencstontai.png  used on input line 1137.
(pdftex.def)             Requested size: 452.9679pt x 200.26044pt.
 [32 <./editprof.jpg> <./tencstontai.png>]
<emailkhonghople.png, id=904, 927.96687pt x 419.06563pt>
File: emailkhonghople.png Graphic file (type png)
<use emailkhonghople.png>
Package pdftex.def Info: emailkhonghople.png  used on input line 1146.
(pdftex.def)             Requested size: 452.9679pt x 204.56383pt.
<chinhsuathanhcong.png, id=905, 920.43875pt x 420.06938pt>
File: chinhsuathanhcong.png Graphic file (type png)
<use chinhsuathanhcong.png>
Package pdftex.def Info: chinhsuathanhcong.png  used on input line 1155.
(pdftex.def)             Requested size: 452.9679pt x 206.72675pt.

[33 <./emailkhonghople.png> <./chinhsuathanhcong.png>]
<logout.jpg, id=914, 695.59875pt x 524.96124pt>
File: logout.jpg Graphic file (type jpg)
<use logout.jpg>
Package pdftex.def Info: logout.jpg  used on input line 1176.
(pdftex.def)             Requested size: 452.9679pt x 341.84557pt.
<trangdangnhap.png, id=915, 915.92188pt x 414.54875pt>
File: trangdangnhap.png Graphic file (type png)
<use trangdangnhap.png>
Package pdftex.def Info: trangdangnhap.png  used on input line 1185.
(pdftex.def)             Requested size: 452.9679pt x 205.01566pt.
 [34 <./logout.jpg>]
[35 <./trangdangnhap.png>]
<trangtimkiem.png, id=927, 926.46124pt x 421.575pt>
File: trangtimkiem.png Graphic file (type png)
<use trangtimkiem.png>
Package pdftex.def Info: trangtimkiem.png  used on input line 1246.
(pdftex.def)             Requested size: 452.9679pt x 206.11682pt.
<nambatdaulon.png, id=928, 921.4425pt x 425.08812pt>
File: nambatdaulon.png Graphic file (type png)
<use nambatdaulon.png>
Package pdftex.def Info: nambatdaulon.png  used on input line 1255.
(pdftex.def)             Requested size: 452.9679pt x 208.96309pt.
 [36 <./trangtimkiem.png>]
<ketquatimkiem.png, id=935, 923.45pt x 420.06938pt>
File: ketquatimkiem.png Graphic file (type png)
<use ketquatimkiem.png>
Package pdftex.def Info: ketquatimkiem.png  used on input line 1266.
(pdftex.def)             Requested size: 452.9679pt x 206.04732pt.
 [37 <./nambatdaulon.png> <./ketquatimkiem.png>]
<luuyeuthich.png, id=945, 918.93312pt x 422.07687pt>
File: luuyeuthich.png Graphic file (type png)
<use luuyeuthich.png>
Package pdftex.def Info: luuyeuthich.png  used on input line 1305.
(pdftex.def)             Requested size: 452.9679pt x 208.05602pt.
<dayeuthich.png, id=946, 921.4425pt x 423.5825pt>
File: dayeuthich.png Graphic file (type png)
<use dayeuthich.png>
Package pdftex.def Info: dayeuthich.png  used on input line 1314.
(pdftex.def)             Requested size: 452.9679pt x 208.22296pt.
 [38 <./luuyeuthich.png>]
<trangyeuthich.png, id=953, 905.3825pt x 414.54875pt>
File: trangyeuthich.png Graphic file (type png)
<use trangyeuthich.png>
Package pdftex.def Info: trangyeuthich.png  used on input line 1323.
(pdftex.def)             Requested size: 452.9679pt x 207.40036pt.
<xoa.png, id=954, 927.96687pt x 416.05438pt>
File: xoa.png Graphic file (type png)
<use xoa.png>
Package pdftex.def Info: xoa.png  used on input line 1332.
(pdftex.def)             Requested size: 452.9679pt x 203.09392pt.
 [39 <./dayeuthich.png> <./trangyeuthich.png>]
<lienket.png, id=963, 920.43875pt x 423.08063pt>
File: lienket.png Graphic file (type png)
<use lienket.png>
Package pdftex.def Info: lienket.png  used on input line 1341.
(pdftex.def)             Requested size: 452.9679pt x 208.20865pt.
 [40 <./xoa.png> <./lienket.png>] [41]
<ptxh.png, id=976, 1230.5975pt x 914.41624pt>
File: ptxh.png Graphic file (type png)
<use ptxh.png>
Package pdftex.def Info: ptxh.png  used on input line 1487.
(pdftex.def)             Requested size: 452.9679pt x 336.58461pt.
 [42]
<thieu.png, id=990, 929.4725pt x 414.54875pt>
File: thieu.png Graphic file (type png)
<use thieu.png>
Package pdftex.def Info: thieu.png  used on input line 1497.
(pdftex.def)             Requested size: 452.9679pt x 202.0237pt.
 [43 <./ptxh.png (PNG copy)>]
<batdaulonhon.png, id=997, 924.95563pt x 418.56375pt>
File: batdaulonhon.png Graphic file (type png)
<use batdaulonhon.png>
Package pdftex.def Info: batdaulonhon.png  used on input line 1507.
(pdftex.def)             Requested size: 452.9679pt x 204.97667pt.
<ketquaphantich1.png, id=998, 276.03125pt x 407.02063pt>
File: ketquaphantich1.png Graphic file (type png)
<use ketquaphantich1.png>
Package pdftex.def Info: ketquaphantich1.png  used on input line 1516.
(pdftex.def)             Requested size: 452.9679pt x 667.99014pt.
<ketquaphantich2.png, id=999, 283.55937pt x 236.885pt>
File: ketquaphantich2.png Graphic file (type png)
<use ketquaphantich2.png>
Package pdftex.def Info: ketquaphantich2.png  used on input line 1522.
(pdftex.def)             Requested size: 452.9679pt x 378.44179pt.
 [44 <./thieu.png> <./batdaulonhon.png>] [45 <./ketquaphantich1.png>]
[46 <./ketquaphantich2.png>] [47]
<tbc.jpg, id=1030, 1925.1925pt x 915.42pt>
File: tbc.jpg Graphic file (type jpg)
<use tbc.jpg>
Package pdftex.def Info: tbc.jpg  used on input line 1618.
(pdftex.def)             Requested size: 452.9679pt x 215.37515pt.
<xuatbaocao.png, id=1031, 286.06876pt x 391.96437pt>
File: xuatbaocao.png Graphic file (type png)
<use xuatbaocao.png>
Package pdftex.def Info: xuatbaocao.png  used on input line 1627.
(pdftex.def)             Requested size: 452.9679pt x 620.65457pt.
 [48 <./tbc.jpg>] [49 <./xuatbaocao.png>]
<theodoi.png, id=1044, 918.43124pt x 420.57124pt>
File: theodoi.png Graphic file (type png)
<use theodoi.png>
Package pdftex.def Info: theodoi.png  used on input line 1667.
(pdftex.def)             Requested size: 452.9679pt x 207.42937pt.

[50 <./theodoi.png>]
<dstheodoi.png, id=1051, 923.45pt x 417.56pt>
File: dstheodoi.png Graphic file (type png)
<use dstheodoi.png>
Package pdftex.def Info: dstheodoi.png  used on input line 1676.
(pdftex.def)             Requested size: 452.9679pt x 204.81644pt.
<huytheodoi.png, id=1052, 920.43875pt x 410.03188pt>
File: huytheodoi.png Graphic file (type png)
<use huytheodoi.png>
Package pdftex.def Info: huytheodoi.png  used on input line 1685.
(pdftex.def)             Requested size: 452.9679pt x 201.78703pt.
 [51 <./dstheodoi.png> <./huytheodoi.png>]
<nhanthongbao.png, id=1061, 926.46124pt x 422.07687pt>
File: nhanthongbao.png Graphic file (type png)
<use nhanthongbao.png>
Package pdftex.def Info: nhanthongbao.png  used on input line 1722.
(pdftex.def)             Requested size: 452.9679pt x 206.3622pt.
<dadoc.png, id=1062, 929.4725pt x 414.54875pt>
File: dadoc.png Graphic file (type png)
<use dadoc.png>
Package pdftex.def Info: dadoc.png  used on input line 1731.
(pdftex.def)             Requested size: 452.9679pt x 202.0237pt.
 [52 <./nhanthongbao.png>]
<ad1.png, id=1069, 1088.26575pt x 545.6385pt>
File: ad1.png Graphic file (type png)
<use ad1.png>
Package pdftex.def Info: ad1.png  used on input line 1754.
(pdftex.def)             Requested size: 452.9679pt x 227.11014pt.
 [53 <./dadoc.png> <./ad1.png>]
<ad2.png, id=1078, 1081.641pt x 374.5995pt>
File: ad2.png Graphic file (type png)
<use ad2.png>
Package pdftex.def Info: ad2.png  used on input line 1763.
(pdftex.def)             Requested size: 452.9679pt x 156.87344pt.
<ad3.png, id=1079, 1066.58475pt x 136.71075pt>
File: ad3.png Graphic file (type png)
<use ad3.png>
Package pdftex.def Info: ad3.png  used on input line 1772.
(pdftex.def)             Requested size: 452.9679pt x 58.06061pt.
<ad4.png, id=1080, 1082.24326pt x 284.262pt>
File: ad4.png Graphic file (type png)
<use ad4.png>
Package pdftex.def Info: ad4.png  used on input line 1781.
(pdftex.def)             Requested size: 452.9679pt x 118.97716pt.
<ad5.png, id=1081, 1090.67474pt x 446.8695pt>
File: ad5.png Graphic file (type png)
<use ad5.png>
Package pdftex.def Info: ad5.png  used on input line 1802.
(pdftex.def)             Requested size: 452.9679pt x 185.59058pt.
 [54 <./ad2.png> <./ad3.png> <./ad4.png>]
<ad6.png, id=1092, 1085.2545pt x 139.722pt>
File: ad6.png Graphic file (type png)
<use ad6.png>
Package pdftex.def Info: ad6.png  used on input line 1811.
(pdftex.def)             Requested size: 452.9679pt x 58.31613pt.
<ad7.png, id=1093, 1087.6635pt x 224.037pt>
File: ad7.png Graphic file (type png)
<use ad7.png>
Package pdftex.def Info: ad7.png  used on input line 1820.
(pdftex.def)             Requested size: 452.9679pt x 93.30179pt.
<ad8.png, id=1094, 1065.9825pt x 335.45325pt>
File: ad8.png Graphic file (type png)
<use ad8.png>
Package pdftex.def Info: ad8.png  used on input line 1829.
(pdftex.def)             Requested size: 452.9679pt x 142.5427pt.
<ad9.png, id=1095, 1091.277pt x 458.9145pt>
File: ad9.png Graphic file (type png)
<use ad9.png>
Package pdftex.def Info: ad9.png  used on input line 1835.
(pdftex.def)             Requested size: 452.9679pt x 190.48798pt.
 [55 <./ad5.png> <./ad6.png> <./ad7.png>]
<ad10.png, id=1107, 1087.6635pt x 440.24475pt>
File: ad10.png Graphic file (type png)
<use ad10.png>
Package pdftex.def Info: ad10.png  used on input line 1841.
(pdftex.def)             Requested size: 452.9679pt x 183.34305pt.
<ad11.png, id=1108, 1079.232pt x 489.027pt>
File: ad11.png Graphic file (type png)
<use ad11.png>
Package pdftex.def Info: ad11.png  used on input line 1850.
(pdftex.def)             Requested size: 452.9679pt x 205.24815pt.
 [56 <./ad8.png> <./ad9.png> <./ad10.png>]
<ad12.png, id=1119, 1085.2545pt x 540.21825pt>
File: ad12.png Graphic file (type png)
<use ad12.png>
Package pdftex.def Info: ad12.png  used on input line 1872.
(pdftex.def)             Requested size: 452.9679pt x 225.4723pt.
 [57 <./ad11.png> <./ad12.png>]
<ad13.png, id=1128, 1090.0725pt x 392.06474pt>
File: ad13.png Graphic file (type png)
<use ad13.png>
Package pdftex.def Info: ad13.png  used on input line 1884.
(pdftex.def)             Requested size: 452.9679pt x 162.91919pt.
<ad14.png, id=1129, 1075.01625pt x 377.0085pt>
File: ad14.png Graphic file (type png)
<use ad14.png>
Package pdftex.def Info: ad14.png  used on input line 1893.
(pdftex.def)             Requested size: 452.9679pt x 158.85446pt.
<ad15.png, id=1130, 1085.2545pt x 479.99326pt>
File: ad15.png Graphic file (type png)
<use ad15.png>
Package pdftex.def Info: ad15.png  used on input line 1902.
(pdftex.def)             Requested size: 452.9679pt x 200.33604pt.
 [58 <./ad13.png> <./ad14.png>]
<ad16.png, id=1139, 1079.232pt x 446.8695pt>
File: ad16.png Graphic file (type png)
<use ad16.png>
Package pdftex.def Info: ad16.png  used on input line 1927.
(pdftex.def)             Requested size: 452.9679pt x 187.55435pt.
 [59 <./ad15.png> <./ad16.png>]
<ad17.png, id=1148, 1085.2545pt x 233.07076pt>
File: ad17.png Graphic file (type png)
<use ad17.png>
Package pdftex.def Info: ad17.png  used on input line 1938.
(pdftex.def)             Requested size: 452.9679pt x 97.27734pt.
File: ad17.png Graphic file (type png)
<use ad17.png>
Package pdftex.def Info: ad17.png  used on input line 1947.
(pdftex.def)             Requested size: 452.9679pt x 97.27734pt.
<ad18.png, id=1149, 1070.19826pt x 491.436pt>
File: ad18.png Graphic file (type png)
<use ad18.png>
Package pdftex.def Info: ad18.png  used on input line 1968.
(pdftex.def)             Requested size: 452.9679pt x 207.99893pt.
<ad19.png, id=1150, 1085.2545pt x 349.90726pt>
File: ad19.png Graphic file (type png)
<use ad19.png>
Package pdftex.def Info: ad19.png  used on input line 1974.
(pdftex.def)             Requested size: 452.9679pt x 146.0417pt.
 [60 <./ad17.png>]
File: ad19.png Graphic file (type png)
<use ad19.png>
Package pdftex.def Info: ad19.png  used on input line 1983.
(pdftex.def)             Requested size: 452.9679pt x 146.0417pt.
<ad20.png, id=1158, 1085.2545pt x 380.622pt>
File: ad20.png Graphic file (type png)
<use ad20.png>
Package pdftex.def Info: ad20.png  used on input line 1992.
(pdftex.def)             Requested size: 452.9679pt x 158.86119pt.
 [61 <./ad18.png> <./ad19.png>]
<ad21.png, id=1169, 1075.01625pt x 289.08pt>
File: ad21.png Graphic file (type png)
<use ad21.png>
Package pdftex.def Info: ad21.png  used on input line 2001.
(pdftex.def)             Requested size: 452.9679pt x 121.80534pt.
<ad22.png, id=1170, 1064.17575pt x 335.45325pt>
File: ad22.png Graphic file (type png)
<use ad22.png>
Package pdftex.def Info: ad22.png  used on input line 2010.
(pdftex.def)             Requested size: 452.9679pt x 142.78839pt.
 [62 <./ad20.png> <./ad21.png> <./ad22.png>]
<ad23.png, id=1181, 1090.67474pt x 264.99pt>
File: ad23.png Graphic file (type png)
<use ad23.png>
Package pdftex.def Info: ad23.png  used on input line 2031.
(pdftex.def)             Requested size: 452.9679pt x 110.05371pt.
<ad24.png, id=1182, 1079.232pt x 260.172pt>
File: ad24.png Graphic file (type png)
<use ad24.png>
Package pdftex.def Info: ad24.png  used on input line 2041.
(pdftex.def)             Requested size: 452.9679pt x 109.19604pt.
<ad25.png, id=1183, 1075.6185pt x 317.38576pt>
File: ad25.png Graphic file (type png)
<use ad25.png>
Package pdftex.def Info: ad25.png  used on input line 2050.
(pdftex.def)             Requested size: 452.9679pt x 133.65948pt.
 [63 <./ad23.png> <./ad24.png> <./ad25.png>]
<ad26.png, id=1194, 717.882pt x 455.301pt>
File: ad26.png Graphic file (type png)
<use ad26.png>
Package pdftex.def Info: ad26.png  used on input line 2059.
(pdftex.def)             Requested size: 452.9679pt x 287.28577pt.

[64 <./ad26.png>]

Package hyperref Warning: Token not allowed in a PDF string (Unicode):
(hyperref)                removing `\<let>-command' on input line 2065.


Package hyperref Warning: Token not allowed in a PDF string (Unicode):
(hyperref)                removing `\\' on input line 2065.


Package hyperref Warning: Token not allowed in a PDF string (Unicode):
(hyperref)                removing `\@centercr' on input line 2065.


Package hyperref Warning: Token not allowed in a PDF string (Unicode):
(hyperref)                removing `\rightskip' on input line 2065.


Package hyperref Warning: Token not allowed in a PDF string (Unicode):
(hyperref)                removing `\@flushglue' on input line 2065.


Package hyperref Warning: Token not allowed in a PDF string (Unicode):
(hyperref)                removing `\leftskip' on input line 2065.


Package hyperref Warning: Token not allowed in a PDF string (Unicode):
(hyperref)                removing `\@flushglue' on input line 2065.


Package hyperref Warning: Token not allowed in a PDF string (Unicode):
(hyperref)                removing `\finalhyphendemerits' on input line 2065.


Package hyperref Warning: Token not allowed in a PDF string (Unicode):
(hyperref)                removing `\z@' on input line 2065.


Package hyperref Warning: Token not allowed in a PDF string (Unicode):
(hyperref)                removing `\parindent' on input line 2065.


Package hyperref Warning: Token not allowed in a PDF string (Unicode):
(hyperref)                removing `\z@' on input line 2065.


Package hyperref Warning: Token not allowed in a PDF string (Unicode):
(hyperref)                removing `\parfillskip' on input line 2065.


Package hyperref Warning: Token not allowed in a PDF string (Unicode):
(hyperref)                removing `\z@skip' on input line 2065.


pdfTeX warning (ext4): destination with the same identifier (name{section.1}) h
as been already used, duplicate ignored
<to be read again> 
                   \relax 
l.2072 \section{System Design}
                              
pdfTeX warning (ext4): destination with the same identifier (name{subsection.1.
1}) has been already used, duplicate ignored
<to be read again> 
                   \relax 
l.2073 \subsection{System Architecture}
                                       
<ss.png, id=1201, 450.18187pt x 402.00188pt>
File: ss.png Graphic file (type png)
<use ss.png>
Package pdftex.def Info: ss.png  used on input line 2076.
(pdftex.def)             Requested size: 362.37569pt x 323.60776pt.
 [65

 <./ss.png>]
pdfTeX warning (ext4): destination with the same identifier (name{subsection.1.
2}) has been already used, duplicate ignored
<to be read again> 
                   \relax 
l.2114 \subsection{Package Diagram}
                                   
<fe.png, id=1207, 416.05438pt x 146.04562pt>
File: fe.png Graphic file (type png)
<use fe.png>
Package pdftex.def Info: fe.png  used on input line 2118.
(pdftex.def)             Requested size: 452.9679pt x 159.0105pt.


Package array Warning: Column L is already defined on input line 2123.


Overfull \hbox (0.79482pt too wide) in paragraph at lines 2140--2140
[]|\T5/cmtt/m/n/10.95 trangchu1.html|  
 []


Overfull \hbox (41.02612pt too wide) in paragraph at lines 2142--2142
[]|\T5/cmtt/m/n/10.95 xemchitietbaibao.html|  
 []


Overfull \hbox (35.2788pt too wide) in paragraph at lines 2144--2144
[]|\T5/cmtt/m/n/10.95 phantichxuhuong.html|  
 []


Overfull \hbox (6.54214pt too wide) in paragraph at lines 2146--2146
[]|\T5/cmtt/m/n/10.95 hosocanhan.html|  
 []


Overfull \hbox (12.28947pt too wide) in paragraph at lines 2150--2150
[]|\T5/cmtt/m/n/10.95 xemthongbao.html|  
 []


LaTeX Warning: `!h' float specifier changed to `!ht'.

<be.png, id=1208, 423.5825pt x 307.64937pt>
File: be.png Graphic file (type png)
<use be.png>
Package pdftex.def Info: be.png  used on input line 2159.
(pdftex.def)             Requested size: 452.9679pt x 329.00317pt.
[66 <./fe.png>] [67]

Package array Warning: Column L is already defined on input line 2164.


Overfull \hbox (12.34634pt too wide) in paragraph at lines 2177--2177
\T5/cmtt/m/n/10.95 check_session.php|  
 []


Overfull \hbox (0.85168pt too wide) in paragraph at lines 2179--2179
\T5/cmtt/m/n/10.95 capnhathoso.php|  
 []


Overfull \hbox (6.59901pt too wide) in paragraph at lines 2183--2183
[]|\T5/cmtt/m/n/10.95 xuhuongchude.php|  
 []


Overfull \hbox (23.841pt too wide) in paragraph at lines 2185--2185
[]|\T5/cmtt/m/n/10.95 phantichxuhuong.php|  
 []


Overfull \hbox (9.63992pt too wide) in paragraph at lines 2187--2187
[]|\T5/cmtt/m/n/10.95 theodoichude.php\T5/cmr/m/n/10.95 , 
 []


Overfull \hbox (3.8926pt too wide) in paragraph at lines 2189--2189
[]|\T5/cmtt/m/n/10.95 admin_users.php\T5/cmr/m/n/10.95 , 
 []


Overfull \hbox (9.63992pt too wide) in paragraph at lines 2189--2189
\T5/cmtt/m/n/10.95 admin_papers.php\T5/cmr/m/n/10.95 , 
 []


Overfull \hbox (9.63992pt too wide) in paragraph at lines 2189--2189
\T5/cmtt/m/n/10.95 admin_topics.php\T5/cmr/m/n/10.95 , 
 []


Overfull \hbox (38.37657pt too wide) in paragraph at lines 2189--2189
\T5/cmtt/m/n/10.95 admin_api_sources.php\T5/cmr/m/n/10.95 , 
 []


Overfull \hbox (49.87123pt too wide) in paragraph at lines 2189--2189
\T5/cmtt/m/n/10.95 admin_notifications.php\T5/cmr/m/n/10.95 , 
 []


Overfull \hbox (0.85168pt too wide) in paragraph at lines 2189--2189
\T5/cmtt/m/n/10.95 admin_check.php|  
 []


Overfull \hbox (23.841pt too wide) in paragraph at lines 2195--2195
[]|\T5/cmtt/m/n/10.95 config/database.php|  
 []


LaTeX Warning: `!h' float specifier changed to `!ht'.

[68 <./be.png>] [69]
pdfTeX warning (ext4): destination with the same identifier (name{section.2}) h
as been already used, duplicate ignored
<to be read again> 
                   \relax 
l.2201 \section{Database Design}
                                
<database.png, id=1229, 1127.21124pt x 732.7375pt>
File: database.png Graphic file (type png)
<use database.png>
Package pdftex.def Info: database.png  used on input line 2207.
(pdftex.def)             Requested size: 452.97488pt x 294.45384pt.
 [70

 <./database.png>]
pdfTeX warning (ext4): destination with the same identifier (name{subsection.2.
1}) has been already used, duplicate ignored
<to be read again> 
                   \relax 
l.2214 \subsection{Role Table}
                              
Overfull \hbox (3.13245pt too wide) in paragraph at lines 2220--2220
[]|\T5/cmr/m/n/10.95 NVARCHAR(100)| 
 []


Overfull \hbox (3.13245pt too wide) in paragraph at lines 2221--2221
[]|\T5/cmr/m/n/10.95 NVARCHAR(255)| 
 []


Overfull \hbox (36.22336pt too wide) in alignment at lines 2215--2223
 [] [] [] [] [] 
 []


pdfTeX warning (ext4): destination with the same identifier (name{subsection.2.
2}) has been already used, duplicate ignored
<to be read again> 
                   \relax 
l.2226 \subsection{User Table}
                              
Overfull \hbox (3.13245pt too wide) in paragraph at lines 2232--2232
[]|\T5/cmr/m/n/10.95 NVARCHAR(150)| 
 []


Overfull \hbox (3.13245pt too wide) in paragraph at lines 2233--2233
[]|\T5/cmr/m/n/10.95 NVARCHAR(150)| 
 []


Overfull \hbox (3.13245pt too wide) in paragraph at lines 2234--2234
[]|\T5/cmr/m/n/10.95 NVARCHAR(255)| 
 []


Underfull \hbox (badness 10000) in paragraph at lines 2237--2238
[]|\T5/cmr/m/n/10.95 Yes \TS1/cmr/m/n/10.95 ^^Y
 []


Overfull \hbox (36.22336pt too wide) in alignment at lines 2227--2239
 [] [] [] [] [] 
 []


Overfull \hbox (3.13245pt too wide) in paragraph at lines 2248--2248
[]|\T5/cmr/m/n/10.95 NVARCHAR(200)| 
 []


Overfull \hbox (3.13245pt too wide) in paragraph at lines 2249--2249
[]|\T5/cmr/m/n/10.95 NVARCHAR(150)| 
 []


Overfull \hbox (36.22336pt too wide) in alignment at lines 2243--2252
 [] [] [] [] [] 
 []


Underfull \hbox (badness 10000) in paragraph at lines 2260--2260
[]|\T5/cmr/m/n/10.95 Yes
 []


Underfull \hbox (badness 10000) in paragraph at lines 2260--2260
\T5/cmr/m/n/10.95 (Com-
 []


Underfull \hbox (badness 10000) in paragraph at lines 2260--2261
[]|\T5/cmr/m/n/10.95 Yes \TS1/cmr/m/n/10.95 ^^Y
 []


Underfull \hbox (badness 10000) in paragraph at lines 2261--2261
[]|\T5/cmr/m/n/10.95 Yes
 []


Underfull \hbox (badness 10000) in paragraph at lines 2261--2261
\T5/cmr/m/n/10.95 (Com-
 []


Underfull \hbox (badness 10000) in paragraph at lines 2261--2262
[]|\T5/cmr/m/n/10.95 Yes \TS1/cmr/m/n/10.95 ^^Y
 []


Overfull \hbox (36.22336pt too wide) in alignment at lines 2256--2263
 [] [] [] [] [] 
 []

[71

]
Overfull \hbox (3.13245pt too wide) in paragraph at lines 2272--2272
[]|\T5/cmr/m/n/10.95 NVARCHAR(150)| 
 []


Overfull \hbox (13.1675pt too wide) in paragraph at lines 2273--2273
[]|\T5/cmr/m/n/10.95 NVARCHAR(MAX)| 
 []


Underfull \hbox (badness 10000) in paragraph at lines 2274--2275
[]|\T5/cmr/m/n/10.95 Yes \TS1/cmr/m/n/10.95 ^^Y
 []


Overfull \hbox (36.22336pt too wide) in alignment at lines 2267--2276
 [] [] [] [] [] 
 []


Underfull \hbox (badness 10000) in paragraph at lines 2284--2284
[]|\T5/cmr/m/n/10.95 Yes
 []


Underfull \hbox (badness 10000) in paragraph at lines 2284--2284
\T5/cmr/m/n/10.95 (Com-
 []


Underfull \hbox (badness 10000) in paragraph at lines 2284--2285
[]|\T5/cmr/m/n/10.95 Yes \TS1/cmr/m/n/10.95 ^^Y
 []


Underfull \hbox (badness 10000) in paragraph at lines 2285--2285
[]|\T5/cmr/m/n/10.95 Yes
 []


Underfull \hbox (badness 10000) in paragraph at lines 2285--2285
\T5/cmr/m/n/10.95 (Com-
 []


Underfull \hbox (badness 10000) in paragraph at lines 2285--2286
[]|\T5/cmr/m/n/10.95 Yes \TS1/cmr/m/n/10.95 ^^Y
 []


Overfull \hbox (36.22336pt too wide) in alignment at lines 2280--2287
 [] [] [] [] [] 
 []


Overfull \hbox (3.13245pt too wide) in paragraph at lines 2296--2296
[]|\T5/cmr/m/n/10.95 NVARCHAR(150)| 
 []


Overfull \hbox (3.13245pt too wide) in paragraph at lines 2297--2297
[]|\T5/cmr/m/n/10.95 NVARCHAR(500)| 
 []


Overfull \hbox (3.13245pt too wide) in paragraph at lines 2298--2298
[]|\T5/cmr/m/n/10.95 NVARCHAR(100)| 
 []


Overfull \hbox (36.22336pt too wide) in alignment at lines 2291--2300
 [] [] [] [] [] 
 []

[72]
Overfull \hbox (3.13245pt too wide) in paragraph at lines 2309--2309
[]|\T5/cmr/m/n/10.95 NVARCHAR(150)| 
 []


Overfull \hbox (3.13245pt too wide) in paragraph at lines 2310--2310
[]|\T5/cmr/m/n/10.95 NVARCHAR(255)| 
 []


Overfull \hbox (36.22336pt too wide) in alignment at lines 2304--2312
 [] [] [] [] [] 
 []


Overfull \hbox (3.13245pt too wide) in paragraph at lines 2321--2321
[]|\T5/cmr/m/n/10.95 NVARCHAR(100)| 
 []


Overfull \hbox (36.22336pt too wide) in alignment at lines 2316--2323
 [] [] [] [] [] 
 []


Overfull \hbox (3.13245pt too wide) in paragraph at lines 2332--2332
[]|\T5/cmr/m/n/10.95 NVARCHAR(500)| 
 []


Overfull \hbox (13.1675pt too wide) in paragraph at lines 2333--2333
[]|\T5/cmr/m/n/10.95 NVARCHAR(MAX)| 
 []


Overfull \hbox (3.13245pt too wide) in paragraph at lines 2334--2334
[]|\T5/cmr/m/n/10.95 NVARCHAR(200)| 
 []


Underfull \hbox (badness 10000) in paragraph at lines 2336--2337
[]|\T5/cmr/m/n/10.95 Yes \TS1/cmr/m/n/10.95 ^^Y
 []


Overfull \hbox (8.59073pt too wide) in paragraph at lines 2336--2337
\T5/cmr/m/n/10.95 APISource| 
 []


Overfull \hbox (36.22336pt too wide) in alignment at lines 2327--2338
 [] [] [] [] [] 
 []


Underfull \hbox (badness 10000) in paragraph at lines 2346--2346
[]|\T5/cmr/m/n/10.95 Yes
 []


Underfull \hbox (badness 10000) in paragraph at lines 2346--2346
\T5/cmr/m/n/10.95 (Com-
 []


Underfull \hbox (badness 10000) in paragraph at lines 2346--2347
[]|\T5/cmr/m/n/10.95 Yes
 []


Underfull \hbox (badness 10000) in paragraph at lines 2346--2347
\TS1/cmr/m/n/10.95 ^^Y \T5/cmr/m/n/10.95 Re-
 []


Underfull \hbox (badness 10000) in paragraph at lines 2346--2347
\T5/cmr/m/n/10.95 search-
 []


Underfull \hbox (badness 10000) in paragraph at lines 2347--2347
[]|\T5/cmr/m/n/10.95 Yes
 []


Underfull \hbox (badness 10000) in paragraph at lines 2347--2347
\T5/cmr/m/n/10.95 (Com-
 []


Underfull \hbox (badness 10000) in paragraph at lines 2347--2348
[]|\T5/cmr/m/n/10.95 Yes \TS1/cmr/m/n/10.95 ^^Y
 []


Overfull \hbox (36.22336pt too wide) in alignment at lines 2342--2349
 [] [] [] [] [] 
 []

[73]
Underfull \hbox (badness 10000) in paragraph at lines 2357--2357
[]|\T5/cmr/m/n/10.95 Yes
 []


Underfull \hbox (badness 10000) in paragraph at lines 2357--2357
\T5/cmr/m/n/10.95 (Com-
 []


Underfull \hbox (badness 10000) in paragraph at lines 2357--2358
[]|\T5/cmr/m/n/10.95 Yes
 []


Underfull \hbox (badness 10000) in paragraph at lines 2357--2358
\TS1/cmr/m/n/10.95 ^^Y \T5/cmr/m/n/10.95 Re-
 []


Underfull \hbox (badness 10000) in paragraph at lines 2357--2358
\T5/cmr/m/n/10.95 search-
 []


Underfull \hbox (badness 10000) in paragraph at lines 2358--2358
[]|\T5/cmr/m/n/10.95 Yes
 []


Underfull \hbox (badness 10000) in paragraph at lines 2358--2358
\T5/cmr/m/n/10.95 (Com-
 []


Underfull \hbox (badness 10000) in paragraph at lines 2358--2359
[]|\T5/cmr/m/n/10.95 Yes \TS1/cmr/m/n/10.95 ^^Y
 []


Overfull \hbox (36.22336pt too wide) in alignment at lines 2353--2360
 [] [] [] [] [] 
 []


Underfull \hbox (badness 10000) in paragraph at lines 2368--2368
[]|\T5/cmr/m/n/10.95 Yes
 []


Underfull \hbox (badness 10000) in paragraph at lines 2368--2368
\T5/cmr/m/n/10.95 (Com-
 []


Underfull \hbox (badness 10000) in paragraph at lines 2368--2369
[]|\T5/cmr/m/n/10.95 Yes
 []


Underfull \hbox (badness 10000) in paragraph at lines 2368--2369
\TS1/cmr/m/n/10.95 ^^Y \T5/cmr/m/n/10.95 Re-
 []


Underfull \hbox (badness 10000) in paragraph at lines 2368--2369
\T5/cmr/m/n/10.95 search-
 []


Underfull \hbox (badness 10000) in paragraph at lines 2369--2369
[]|\T5/cmr/m/n/10.95 Yes
 []


Underfull \hbox (badness 10000) in paragraph at lines 2369--2369
\T5/cmr/m/n/10.95 (Com-
 []


Underfull \hbox (badness 10000) in paragraph at lines 2369--2370
[]|\T5/cmr/m/n/10.95 Yes \TS1/cmr/m/n/10.95 ^^Y
 []


Overfull \hbox (36.22336pt too wide) in alignment at lines 2364--2372
 [] [] [] [] [] 
 []


Underfull \hbox (badness 10000) in paragraph at lines 2384--2385
[]|\T5/cmr/m/n/10.95 Yes \TS1/cmr/m/n/10.95 ^^Y
 []


Overfull \hbox (36.22336pt too wide) in alignment at lines 2376--2386
 [] [] [] [] [] 
 []

[74]
Overfull \hbox (3.13245pt too wide) in paragraph at lines 2395--2395
[]|\T5/cmr/m/n/10.95 NVARCHAR(300)| 
 []


Overfull \hbox (3.13245pt too wide) in paragraph at lines 2396--2396
[]|\T5/cmr/m/n/10.95 NVARCHAR(200)| 
 []


Underfull \hbox (badness 10000) in paragraph at lines 2400--2401
[]|\T5/cmr/m/n/10.95 Yes \TS1/cmr/m/n/10.95 ^^Y
 []


Overfull \hbox (36.22336pt too wide) in alignment at lines 2390--2402
 [] [] [] [] [] 
 []


Overfull \hbox (3.13245pt too wide) in paragraph at lines 2411--2411
[]|\T5/cmr/m/n/10.95 NVARCHAR(300)| 
 []


Overfull \hbox (13.1675pt too wide) in paragraph at lines 2412--2412
[]|\T5/cmr/m/n/10.95 NVARCHAR(MAX)| 
 []


Underfull \hbox (badness 10000) in paragraph at lines 2415--2416
[]|\T5/cmr/m/n/10.95 Yes \TS1/cmr/m/n/10.95 ^^Y
 []


Overfull \hbox (36.22336pt too wide) in alignment at lines 2406--2417
 [] [] [] [] [] 
 []

[75]
Underfull \hbox (badness 10000) in paragraph at lines 2425--2425
[]|\T5/cmr/m/n/10.95 Yes
 []


Underfull \hbox (badness 10000) in paragraph at lines 2425--2425
\T5/cmr/m/n/10.95 (Com-
 []


Underfull \hbox (badness 10000) in paragraph at lines 2425--2426
[]|\T5/cmr/m/n/10.95 Yes \TS1/cmr/m/n/10.95 ^^Y
 []


Underfull \hbox (badness 10000) in paragraph at lines 2425--2426
\T5/cmr/m/n/10.95 No-ti-fi-ca-
 []


Underfull \hbox (badness 10000) in paragraph at lines 2426--2426
[]|\T5/cmr/m/n/10.95 Yes
 []


Underfull \hbox (badness 10000) in paragraph at lines 2426--2426
\T5/cmr/m/n/10.95 (Com-
 []


Underfull \hbox (badness 10000) in paragraph at lines 2426--2427
[]|\T5/cmr/m/n/10.95 Yes
 []


Underfull \hbox (badness 10000) in paragraph at lines 2426--2427
\TS1/cmr/m/n/10.95 ^^Y \T5/cmr/m/n/10.95 Re-
 []


Underfull \hbox (badness 10000) in paragraph at lines 2426--2427
\T5/cmr/m/n/10.95 search-
 []


Overfull \hbox (36.22336pt too wide) in alignment at lines 2421--2428
 [] [] [] [] [] 
 []


Underfull \hbox (badness 10000) in paragraph at lines 2438--2439
[]|\T5/cmr/m/n/10.95 Yes \TS1/cmr/m/n/10.95 ^^Y
 []


Underfull \hbox (badness 10000) in paragraph at lines 2439--2440
[]|\T5/cmr/m/n/10.95 Yes
 []


Underfull \hbox (badness 10000) in paragraph at lines 2439--2440
\TS1/cmr/m/n/10.95 ^^Y \T5/cmr/m/n/10.95 Re-
 []


Underfull \hbox (badness 10000) in paragraph at lines 2439--2440
\T5/cmr/m/n/10.95 search-
 []


Underfull \hbox (badness 10000) in paragraph at lines 2440--2441
[]|\T5/cmr/m/n/10.95 Yes \TS1/cmr/m/n/10.95 ^^Y
 []


Overfull \hbox (36.22336pt too wide) in alignment at lines 2432--2442
 [] [] [] [] [] 
 []


pdfTeX warning (ext4): destination with the same identifier (name{section.3}) h
as been already used, duplicate ignored
<to be read again> 
                   \relax 
l.2443 \section{ Detail Design}
                               
pdfTeX warning (ext4): destination with the same identifier (name{subsection.3.
1}) has been already used, duplicate ignored
<to be read again> 
                   \relax 
l.2444 \subsection{Register}
                            
pdfTeX warning (ext4): destination with the same identifier (name{subsubsection
.3.1.1}) has been already used, duplicate ignored
<to be read again> 
                   \relax 
l.2445 \subsubsection{Activity diagram}
                                       
<ac1.png, id=1271, 1286.8075pt x 578.16pt>
File: ac1.png Graphic file (type png)
<use ac1.png>
Package pdftex.def Info: ac1.png  used on input line 2448.
(pdftex.def)             Requested size: 452.9679pt x 203.51471pt.
 [76]
pdfTeX warning (ext4): destination with the same identifier (name{subsubsection
.3.1.2}) has been already used, duplicate ignored
<to be read again> 
                   \relax 
l.2452 \subsubsection{Sequence Diagram}
                                       
<re11.png, id=1278, 359.54324pt x 512.51476pt>
File: re11.png Graphic file (type png)
<use re11.png>
Package pdftex.def Info: re11.png  used on input line 2455.
(pdftex.def)             Requested size: 452.9679pt x 645.70161pt.
 [77 <./ac1.png>]
Overfull \vbox (4.4304pt too high) has occurred while \output is active []


[78 <./re11.png>]
pdfTeX warning (ext4): destination with the same identifier (name{subsubsection
.3.1.3}) has been already used, duplicate ignored
<to be read again> 
                   \relax 
l.2459 \subsubsection{State Diagram}
                                    
<sta1.png, id=1291, 444.66125pt x 804.00375pt>
File: sta1.png Graphic file (type png)
<use sta1.png>
Package pdftex.def Info: sta1.png  used on input line 2462.
(pdftex.def)             Requested size: 348.6731pt x 630.45189pt.
<CDRegister.png, id=1292, 989.6975pt x 890.32625pt>
File: CDRegister.png Graphic file (type png)
<use CDRegister.png>
Package pdftex.def Info: CDRegister.png  used on input line 2469.
(pdftex.def)             Requested size: 452.9679pt x 407.49008pt.
 [79 <./sta1.png>]
pdfTeX warning (ext4): destination with the same identifier (name{subsection.3.
2}) has been already used, duplicate ignored
<to be read again> 
                   \relax 
l.2474 \subsection{Login}
                         
<ac2.png, id=1300, 744.7825pt x 612.2875pt>
File: ac2.png Graphic file (type png)
<use ac2.png>
Package pdftex.def Info: ac2.png  used on input line 2478.
(pdftex.def)             Requested size: 452.9679pt x 372.3924pt.
 [80 <./CDRegister.png>]
<dn11.png, id=1307, 410.7345pt x 540.21825pt>
File: dn11.png Graphic file (type png)
<use dn11.png>
Package pdftex.def Info: dn11.png  used on input line 2485.
(pdftex.def)             Requested size: 452.9679pt x 595.78336pt.
 [81 <./ac2.png>]
<sta2.png, id=1314, 524.96124pt x 629.35126pt>
File: sta2.png Graphic file (type png)
<use sta2.png>
Package pdftex.def Info: sta2.png  used on input line 2492.
(pdftex.def)             Requested size: 452.9679pt x 543.05612pt.
 [82 <./dn11.png>]
<CDLogin.png, id=1321, 1020.81375pt x 857.2025pt>
File: CDLogin.png Graphic file (type png)
<use CDLogin.png>
Package pdftex.def Info: CDLogin.png  used on input line 2499.
(pdftex.def)             Requested size: 452.9679pt x 380.37483pt.
 [83 <./sta2.png>]
pdfTeX warning (ext4): destination with the same identifier (name{subsection.3.
3}) has been already used, duplicate ignored
<to be read again> 
                   \relax 
l.2505 \subsection{Search Research Papers}
                                          
pdfTeX warning (ext4): destination with the same identifier (name{subsubsection
.3.3.1}) has been already used, duplicate ignored
<to be read again> 
                   \relax 
l.2506 \subsubsection{Activity Diagram}
                                       
<ac3.png, id=1328, 1102.1175pt x 699.61375pt>
File: ac3.png Graphic file (type png)
<use ac3.png>
Package pdftex.def Info: ac3.png  used on input line 2509.
(pdftex.def)             Requested size: 452.9679pt x 287.53738pt.
 [84 <./CDLogin.png>]
pdfTeX warning (ext4): destination with the same identifier (name{subsubsection
.3.3.2}) has been already used, duplicate ignored
<to be read again> 
                   \relax 
l.2513 \subsubsection{Sequence Diagram}
                                       
<seach11.png, id=1335, 548.64975pt x 564.30824pt>
File: seach11.png Graphic file (type png)
<use seach11.png>
Package pdftex.def Info: seach11.png  used on input line 2516.
(pdftex.def)             Requested size: 452.9679pt x 465.91307pt.
 [85 <./ac3.png>]
pdfTeX warning (ext4): destination with the same identifier (name{subsubsection
.3.3.3}) has been already used, duplicate ignored
<to be read again> 
                   \relax 
l.2520 \subsubsection{State Diagram}
                                    
<sta3.png, id=1343, 554.07pt x 915.42pt>
File: sta3.png Graphic file (type png)
<use sta3.png>
Package pdftex.def Info: sta3.png  used on input line 2523.
(pdftex.def)             Requested size: 381.607pt x 630.45189pt.
 [86 <./seach11.png>]
pdfTeX warning (ext4): destination with the same identifier (name{subsubsection
.3.3.4}) has been already used, duplicate ignored
<to be read again> 
                   \relax 
l.2527 \subsubsection{Class Diagram}
                                    
<CDSearchResearchPaper.png, id=1350, 789.95125pt x 1122.1925pt>
File: CDSearchResearchPaper.png Graphic file (type png)
<use CDSearchResearchPaper.png>
Package pdftex.def Info: CDSearchResearchPaper.png  used on input line 2530.
(pdftex.def)             Requested size: 452.9679pt x 643.47487pt.
 [87 <./sta3.png>]
Overfull \vbox (2.20366pt too high) has occurred while \output is active []


[88 <./CDSearchResearchPaper.png>]
<avpd.png, id=1363, 2673.99pt x 3043.37pt>
File: avpd.png Graphic file (type png)
<use avpd.png>
Package pdftex.def Info: avpd.png  used on input line 2541.
(pdftex.def)             Requested size: 452.9679pt x 515.50854pt.
<sevpd.png, id=1364, 4641.34pt x 3276.24pt>
File: sevpd.png Graphic file (type png)
<use sevpd.png>
Package pdftex.def Info: sevpd.png  used on input line 2548.
(pdftex.def)             Requested size: 452.9679pt x 319.69456pt.
 [89 <./avpd.png>]
<svpd.png, id=1371, 2087.8pt x 2316.655pt>
File: svpd.png Graphic file (type png)
<use svpd.png>
Package pdftex.def Info: svpd.png  used on input line 2555.
(pdftex.def)             Requested size: 452.9679pt x 502.59583pt.
 [90 <./sevpd.png>]
<CDViewPaperDetail.png, id=1378, 557.08125pt x 1089.06876pt>
File: CDViewPaperDetail.png Graphic file (type png)
<use CDViewPaperDetail.png>
Package pdftex.def Info: CDViewPaperDetail.png  used on input line 2562.
(pdftex.def)             Requested size: 271.7835pt x 531.33849pt.

[91 <./svpd.png>]
<asb.png, id=1386, 3681.755pt x 2710.125pt>
File: asb.png Graphic file (type png)
<use asb.png>
Package pdftex.def Info: asb.png  used on input line 2573.
(pdftex.def)             Requested size: 452.9679pt x 333.43024pt.
 [92 <./CDViewPaperDetail.png>]
<sesb.png, id=1393, 4356.275pt x 3304.345pt>
File: sesb.png Graphic file (type png)
<use sesb.png>
Package pdftex.def Info: sesb.png  used on input line 2580.
(pdftex.def)             Requested size: 452.9679pt x 343.56311pt.
 [93 <./asb.png>]
<ssb.png, id=1400, 2216.28pt x 2007.5pt>
File: ssb.png Graphic file (type png)
<use ssb.png>
Package pdftex.def Info: ssb.png  used on input line 2587.
(pdftex.def)             Requested size: 452.9679pt x 410.28426pt.
 [94 <./sesb.png>]
<CDBookmark.png, id=1407, 462.72874pt x 1056.94875pt>
File: CDBookmark.png Graphic file (type png)
<use CDBookmark.png>
Package pdftex.def Info: CDBookmark.png  used on input line 2594.
(pdftex.def)             Requested size: 271.7835pt x 620.80426pt.
 [95 <./ssb.png>]
<atpt.png, id=1414, 3316.39pt x 5235.56pt>
File: atpt.png Graphic file (type png)
<use atpt.png>
Package pdftex.def Info: atpt.png  used on input line 2604.
(pdftex.def)             Requested size: 385.02547pt x 607.78874pt.
 [96 <./CDBookmark.png>]
<setpt.png, id=1421, 5323.89pt x 4424.53pt>
File: setpt.png Graphic file (type png)
<use setpt.png>
Package pdftex.def Info: setpt.png  used on input line 2611.
(pdftex.def)             Requested size: 452.9679pt x 376.38388pt.
 [97 <./atpt.png>]
<stpt.png, id=1429, 2356.805pt x 4300.065pt>
File: stpt.png Graphic file (type png)
<use stpt.png>
Package pdftex.def Info: stpt.png  used on input line 2618.
(pdftex.def)             Requested size: 345.52196pt x 630.45189pt.
 [98 <./setpt.png>]
<CDTrackPublicationTrends.png, id=1436, 1365.1pt x 722.7pt>
File: CDTrackPublicationTrends.png Graphic file (type png)
<use CDTrackPublicationTrends.png>
Package pdftex.def Info: CDTrackPublicationTrends.png  used on input line 2625.

(pdftex.def)             Requested size: 452.9679pt x 239.804pt.
 [99 <./stpt.png>]
<ac7.png, id=1443, 1075.01625pt x 1577.895pt>
File: ac7.png Graphic file (type png)
<use ac7.png>
Package pdftex.def Info: ac7.png  used on input line 2634.
(pdftex.def)             Requested size: 407.66833pt x 598.35435pt.
 [100 <./CDTrackPublicationTrends.png>]
<sevdb.png, id=1450, 896.34875pt x 617.30624pt>
File: sevdb.png Graphic file (type png)
<use sevdb.png>
Package pdftex.def Info: sevdb.png  used on input line 2641.
(pdftex.def)             Requested size: 452.9679pt x 311.94913pt.
 [101 <./ac7.png (PNG copy)>]
<sta7.png, id=1456, 825.0825pt x 951.555pt>
File: sta7.png Graphic file (type png)
<use sta7.png>
Package pdftex.def Info: sta7.png  used on input line 2648.
(pdftex.def)             Requested size: 452.9679pt x 522.39857pt.
 [102 <./sevdb.png (PNG copy)>]
<CDViewDashboard.png, id=1462, 573.14125pt x 1004.75375pt>
File: CDViewDashboard.png Graphic file (type png)
<use CDViewDashboard.png>
Package pdftex.def Info: CDViewDashboard.png  used on input line 2655.
(pdftex.def)             Requested size: 271.7835pt x 476.46577pt.
 [103 <./sta7.png (PNG copy)>]
<activity_Generate-reports.png, id=1469, 1445.4pt x 1139.25626pt>
File: activity_Generate-reports.png Graphic file (type png)
<use activity_Generate-reports.png>
Package pdftex.def Info: activity_Generate-reports.png  used on input line 2664
.
(pdftex.def)             Requested size: 452.9679pt x 357.02495pt.

[104 <./CDViewDashboard.png>]
<sequence_Generate-reports.png, id=1476, 628.3475pt x 750.805pt>
File: sequence_Generate-reports.png Graphic file (type png)
<use sequence_Generate-reports.png>
Package pdftex.def Info: sequence_Generate-reports.png  used on input line 2671
.
(pdftex.def)             Requested size: 527.65489pt x 630.45189pt.

Overfull \hbox (74.687pt too wide) in paragraph at lines 2671--2672
 [][] 
 []

[105 <./activity_Generate-reports.png (PNG copy)>]
<state_Generate-reports.png, id=1482, 937.5025pt x 1690.315pt>
File: state_Generate-reports.png Graphic file (type png)
<use state_Generate-reports.png>
Package pdftex.def Info: state_Generate-reports.png  used on input line 2678.
(pdftex.def)             Requested size: 349.6743pt x 630.45189pt.
 [106 <./sequence_Generate-reports.png (PNG copy)>]
<CDReportGenerate.png, id=1488, 730.73pt x 806.01125pt>
File: CDReportGenerate.png Graphic file (type png)
<use CDReportGenerate.png>
Package pdftex.def Info: CDReportGenerate.png  used on input line 2685.
(pdftex.def)             Requested size: 452.9679pt x 499.63571pt.
 [107 <./state_Generate-reports.png (PNG copy)>]
<ac8.png, id=1494, 1264.725pt x 2044.63875pt>
File: ac8.png Graphic file (type png)
<use ac8.png>
Package pdftex.def Info: ac8.png  used on input line 2694.
(pdftex.def)             Requested size: 362.37569pt x 585.81677pt.
 [108 <./CDReportGenerate.png>]
<sevtt.png, id=1501, 993.7125pt x 761.84625pt>
File: sevtt.png Graphic file (type png)
<use sevtt.png>
Package pdftex.def Info: sevtt.png  used on input line 2701.
(pdftex.def)             Requested size: 452.9679pt x 347.27995pt.
 [109 <./ac8.png (PNG copy)>]
<sta8.png, id=1508, 661.47125pt x 1072.005pt>
File: sta8.png Graphic file (type png)
<use sta8.png>
Package pdftex.def Info: sta8.png  used on input line 2708.
(pdftex.def)             Requested size: 362.37569pt x 587.26547pt.
 [110 <./sevtt.png (PNG copy)>]
<CDViewTrendingTopics.png, id=1514, 1365.1pt x 722.7pt>
File: CDViewTrendingTopics.png Graphic file (type png)
<use CDViewTrendingTopics.png>
Package pdftex.def Info: CDViewTrendingTopics.png  used on input line 2715.
(pdftex.def)             Requested size: 452.9679pt x 239.804pt.
 [111 <./sta8.png (PNG copy)>]
<follow topics.png, id=1520, 1387.1825pt x 728.7225pt>
File: follow topics.png Graphic file (type png)
<use follow topics.png>
Package pdftex.def Info: follow topics.png  used on input line 2725.
(pdftex.def)             Requested size: 452.9679pt x 237.95506pt.
<follow topice 2.png, id=1521, 914.41624pt x 416.55624pt>
File: follow topice 2.png Graphic file (type png)
<use follow topice 2.png>
Package pdftex.def Info: follow topice 2.png  used on input line 2732.
(pdftex.def)             Requested size: 452.9679pt x 206.34534pt.
 [112 <./CDViewTrendingTopics.png> <./follow topics.png (PNG copy)>]
<follow topice 3.png, id=1529, 262.9825pt x 780.9175pt>
File: follow topice 3.png Graphic file (type png)
<use follow topice 3.png>
Package pdftex.def Info: follow topice 3.png  used on input line 2739.
(pdftex.def)             Requested size: 203.83417pt x 605.30014pt.
 [113 <./follow topice 2.png (PNG copy)>]
<CDFollowTopics.png, id=1535, 1214.5375pt x 1104.125pt>
File: CDFollowTopics.png Graphic file (type png)
<use CDFollowTopics.png>
Package pdftex.def Info: CDFollowTopics.png  used on input line 2746.
(pdftex.def)             Requested size: 452.9679pt x 411.78828pt.
 [114 <./follow topice 3.png (PNG copy)>]
<Receive notifications.png, id=1541, 1589.94pt x 837.1275pt>
File: Receive notifications.png Graphic file (type png)
<use Receive notifications.png>
Package pdftex.def Info: Receive notifications.png  used on input line 2756.
(pdftex.def)             Requested size: 452.9679pt x 238.4944pt.
 [115 <./CDFollowTopics.png>]
<Receive notifications 1.png, id=1549, 1128.215pt x 431.6125pt>
File: Receive notifications 1.png Graphic file (type png)
<use Receive notifications 1.png>
Package pdftex.def Info: Receive notifications 1.png  used on input line 2764.
(pdftex.def)             Requested size: 452.9679pt x 173.28735pt.
<Receive notifications 2.png, id=1550, 400.49625pt x 468.75125pt>
File: Receive notifications 2.png Graphic file (type png)
<use Receive notifications 2.png>
Package pdftex.def Info: Receive notifications 2.png  used on input line 2771.
(pdftex.def)             Requested size: 452.9679pt x 530.19772pt.
 [116 <./Receive notifications.png (PNG copy)> <./Receive notifications 1.png (
PNG copy)>]
<acms.png, id=1557, 2160.07pt x 872.25874pt>
File: acms.png Graphic file (type png)
<use acms.png>
Package pdftex.def Info: acms.png  used on input line 2781.
(pdftex.def)             Requested size: 452.9679pt x 182.90024pt.
 [117 <./Receive notifications 2.png (PNG copy)>]
<sems.png, id=1563, 746.79pt x 1071.00125pt>
File: sems.png Graphic file (type png)
<use sems.png>
Package pdftex.def Info: sems.png  used on input line 2788.
(pdftex.def)             Requested size: 407.66833pt x 584.65648pt.
 [118 <./acms.png>]
<CDManageSystem.png, id=1570, 2338.7375pt x 918.43124pt>
File: CDManageSystem.png Graphic file (type png)
<use CDManageSystem.png>
Package pdftex.def Info: CDManageSystem.png  used on input line 2795.
(pdftex.def)             Requested size: 407.66833pt x 160.08322pt.
 [119 <./sems.png>]
<activity_Manage-Users.png, id=1577, 1445.4pt x 655.44875pt>
File: activity_Manage-Users.png Graphic file (type png)
<use activity_Manage-Users.png>
Package pdftex.def Info: activity_Manage-Users.png  used on input line 2806.
(pdftex.def)             Requested size: 452.9679pt x 205.4073pt.
<sequence_Manage-Users.png, id=1578, 529.98pt x 949.5475pt>
File: sequence_Manage-Users.png Graphic file (type png)
<use sequence_Manage-Users.png>
Package pdftex.def Info: sequence_Manage-Users.png  used on input line 2813.
(pdftex.def)             Requested size: 317.07614pt x 568.09566pt.

[120 <./CDManageSystem.png> <./activity_Manage-Users.png>]
<state_Manage-Users.png, id=1587, 1036.87375pt x 1528.71124pt>
File: state_Manage-Users.png Graphic file (type png)
<use state_Manage-Users.png>
Package pdftex.def Info: state_Manage-Users.png  used on input line 2820.
(pdftex.def)             Requested size: 407.66833pt x 601.04684pt.
 [121 <./sequence_Manage-Users.png (PNG copy)>]
<CDManageUser.png, id=1594, 667.49374pt x 955.57pt>
File: CDManageUser.png Graphic file (type png)
<use CDManageUser.png>
Package pdftex.def Info: CDManageUser.png  used on input line 2827.
(pdftex.def)             Requested size: 362.37569pt x 518.78505pt.
 [122 <./state_Manage-Users.png (PNG copy)>]
<con1ac.png, id=1600, 966.61125pt x 660.4675pt>
File: con1ac.png Graphic file (type png)
<use con1ac.png>
Package pdftex.def Info: con1ac.png  used on input line 2837.
(pdftex.def)             Requested size: 452.9679pt x 309.50267pt.
 [123 <./CDManageUser.png>]
<con1tt.png, id=1607, 867.24pt x 826.08624pt>
File: con1tt.png Graphic file (type png)
<use con1tt.png>
Package pdftex.def Info: con1tt.png  used on input line 2844.
(pdftex.def)             Requested size: 452.9679pt x 431.47067pt.
 [124 <./con1ac.png>]
<con1sta.png, id=1614, 518.93875pt x 829.0975pt>
File: con1sta.png Graphic file (type png)
<use con1sta.png>
Package pdftex.def Info: con1sta.png  used on input line 2851.
(pdftex.def)             Requested size: 394.61926pt x 630.45189pt.
 [125 <./con1tt.png>]
<CDManageAPI.png, id=1621, 761.84625pt x 1037.8775pt>
File: CDManageAPI.png Graphic file (type png)
<use CDManageAPI.png>
Package pdftex.def Info: CDManageAPI.png  used on input line 2858.
(pdftex.def)             Requested size: 362.37569pt x 493.6621pt.
 [126 <./con1sta.png>]
<cyac1.png, id=1628, 817.0525pt x 834.11626pt>
File: cyac1.png Graphic file (type png)
<use cyac1.png>
Package pdftex.def Info: cyac1.png  used on input line 2868.
(pdftex.def)             Requested size: 452.9679pt x 462.43091pt.
 [127 <./CDManageAPI.png>]
<sytt1.png, id=1636, 904.37875pt x 795.97375pt>
File: sytt1.png Graphic file (type png)
<use sytt1.png>
Package pdftex.def Info: sytt1.png  used on input line 2875.
(pdftex.def)             Requested size: 452.9679pt x 398.66605pt.
 [128 <./cyac1.png>]
<systa1.png, id=1643, 647.41875pt x 835.12pt>
File: systa1.png Graphic file (type png)
<use systa1.png>
Package pdftex.def Info: systa1.png  used on input line 2882.
(pdftex.def)             Requested size: 452.9679pt x 584.29967pt.
 [129 <./sytt1.png>]
<CDSyncData.png, id=1650, 1700.3525pt x 994.71625pt>
File: CDSyncData.png Graphic file (type png)
<use CDSyncData.png>
Package pdftex.def Info: CDSyncData.png  used on input line 2889.
(pdftex.def)             Requested size: 362.37569pt x 211.97774pt.
 [130 <./systa1.png>] [131 <./CDSyncData.png>]

Package hyperref Warning: Token not allowed in a PDF string (Unicode):
(hyperref)                removing `\<let>-command' on input line 2895.


Package hyperref Warning: Token not allowed in a PDF string (Unicode):
(hyperref)                removing `\\' on input line 2895.


Package hyperref Warning: Token not allowed in a PDF string (Unicode):
(hyperref)                removing `\@centercr' on input line 2895.


Package hyperref Warning: Token not allowed in a PDF string (Unicode):
(hyperref)                removing `\rightskip' on input line 2895.


Package hyperref Warning: Token not allowed in a PDF string (Unicode):
(hyperref)                removing `\@flushglue' on input line 2895.


Package hyperref Warning: Token not allowed in a PDF string (Unicode):
(hyperref)                removing `\leftskip' on input line 2895.


Package hyperref Warning: Token not allowed in a PDF string (Unicode):
(hyperref)                removing `\@flushglue' on input line 2895.


Package hyperref Warning: Token not allowed in a PDF string (Unicode):
(hyperref)                removing `\finalhyphendemerits' on input line 2895.


Package hyperref Warning: Token not allowed in a PDF string (Unicode):
(hyperref)                removing `\z@' on input line 2895.


Package hyperref Warning: Token not allowed in a PDF string (Unicode):
(hyperref)                removing `\parindent' on input line 2895.


Package hyperref Warning: Token not allowed in a PDF string (Unicode):
(hyperref)                removing `\z@' on input line 2895.


Package hyperref Warning: Token not allowed in a PDF string (Unicode):
(hyperref)                removing `\parfillskip' on input line 2895.


Package hyperref Warning: Token not allowed in a PDF string (Unicode):
(hyperref)                removing `\z@skip' on input line 2895.


pdfTeX warning (ext4): destination with the same identifier (name{section.1}) h
as been already used, duplicate ignored
<to be read again> 
                   \relax 
l.2901 \section{Testing Scope}
                              
pdfTeX warning (ext4): destination with the same identifier (name{section.2}) h
as been already used, duplicate ignored
<to be read again> 
                   \relax 
l.2928 \section{Test Strategy}
                              
pdfTeX warning (ext4): destination with the same identifier (name{subsection.2.
1}) has been already used, duplicate ignored
<to be read again> 
                   \relax 
l.2929 \subsection{Testing Types}
                                  [132

]
pdfTeX warning (ext4): destination with the same identifier (name{subsection.2.
2}) has been already used, duplicate ignored
<to be read again> 
                   \relax 
l.2939 \subsection{Testing Levels}
                                  
pdfTeX warning (ext4): destination with the same identifier (name{subsection.2.
3}) has been already used, duplicate ignored
<to be read again> 
                   \relax 
l.2953 \subsection{Supporting Tools}
                                    
pdfTeX warning (ext4): destination with the same identifier (name{section.3}) h
as been already used, duplicate ignored
<to be read again> 
                   \relax 
l.2971 \section{Test Plan}
                           [133]
pdfTeX warning (ext4): destination with the same identifier (name{subsection.3.
1}) has been already used, duplicate ignored
<to be read again> 
                   \relax 
l.2986 \subsection{Entry Criteria}
                                  
pdfTeX warning (ext4): destination with the same identifier (name{subsection.3.
2}) has been already used, duplicate ignored
<to be read again> 
                   \relax 
l.2993 \subsection{Exit Criteria}
                                  [134] [135] [136] [137] [138] [139] [140]
[141] [142] [143] [144] [145] [146] [147] [148] [149] [150] [151] [152]
[153] [154] [155] [156] [157] [158] [159] [160] [161] [162] (main.aux)
 ***********
LaTeX2e <2026-06-01>
L3 programming layer <2026-05-26>
 ***********


LaTeX Warning: There were multiply-defined labels.

Package rerunfilecheck Info: File `main.out' has not changed.
(rerunfilecheck)             Checksum: 2A0EE21EBB4CE740912CEBCC620A91CA;29028.
 )
(\end occurred inside a group at level 2)

### simple group (level 2) entered at line 908 ({)
### simple group (level 1) entered at line 500 ({)
### bottom level 
Here is how much of TeX's memory you used:
 13738 strings out of 467509
 215482 string characters out of 5418889
 668520 words of memory out of 5000000
 42303 multiletter control sequences out of 15000+600000
 643264 words of font info for 67 fonts, out of 8000000 for 9000
 1141 hyphenation exceptions out of 8191
 74i,16n,83p,470b,952s stack positions out of 10000i,1000n,20000p,200000b,200000s
 <C:\Users\baotr\AppData\Local\MiKTeX\fonts/pk/ljfour/jknappen/
ec/dpi600\tcrm1095.pk> <C:\Users\baotr\AppData\Local\MiKTeX\fonts/pk/ljfour/jkn
appen/ec/dpi600\tcrm1200.pk><C:/Program Files/MiKTeX/fonts/type1/public/amsfont
s/cm/cmsy10.pfb><C:/Program Files/MiKTeX/fonts/type1/vntex/vnr/vnbx10.pfb><C:/P
rogram Files/MiKTeX/fonts/type1/vntex/vnr/vnbx12.pfb><C:/Program Files/MiKTeX/f
onts/type1/vntex/vnr/vnr10.pfb><C:/Program Files/MiKTeX/fonts/type1/vntex/vnr/v
nr12.pfb><C:/Program Files/MiKTeX/fonts/type1/vntex/vnr/vnti10.pfb><C:/Program 
Files/MiKTeX/fonts/type1/vntex/vnr/vntt10.pfb><C:/Program Files/MiKTeX/fonts/ty
pe1/vntex/vnr/vntt12.pfb>
Output written on main.pdf (162 pages, 13603172 bytes).
PDF statistics:
 1986 PDF objects out of 2073 (max. 8388607)
 515 named destinations out of 1000 (max. 500000)
 2140 words of extra memory for PDF output out of 10000 (max. 10000000)

