This is pdfTeX, Version 3.141592653-2.6-1.40.29 (MiKTeX 26.5) (preloaded format=pdflatex 2026.6.25)  9 JUL 2026 10:31
entering extended mode
 restricted \write18 enabled.
 %&-line parsing enabled.
**./main.tex
(main.tex
LaTeX2e <2026-06-01>
L3 programming layer <2026-05-26>
(C:\Program Files\MiKTeX\tex/latex/base\article.cls
Document Class: article 2025/01/22 v1.4n Standard LaTeX document class
(C:\Program Files\MiKTeX\tex/latex/base\size12.clo
File: size12.clo 2025/01/22 v1.4n Standard LaTeX file (size option)
)
\c@part=\count276
\c@section=\count277
\c@subsection=\count278
\c@subsubsection=\count279
\c@paragraph=\count280
\c@subparagraph=\count281
\c@figure=\count282
\c@table=\count283
\abovecaptionskip=\skip49
\belowcaptionskip=\skip50
\bibindent=\dimen150
)
(C:\Program Files\MiKTeX\tex/latex/base\inputenc.sty
Package: inputenc 2024/02/08 v1.3d Input encoding file
\inpenc@prehook=\toks17
\inpenc@posthook=\toks18
)
(C:\Program Files\MiKTeX\tex/latex/base\fontenc.sty
Package: fontenc 2025/07/18 v2.1d Standard LaTeX package

(C:\Program Files\MiKTeX\tex/latex/vntex\t5enc.def
File: t5enc.def 2006/11/21 v1.4 Vietnamese T5 encoding
Now handling font encoding T5 ...
... processing UTF-8 mapping file for font encoding T5

(C:\Program Files\MiKTeX\tex/latex/vntex\t5enc.dfu
File: t5enc.dfu 2006/08/19 v1.1 UTF8 support for Vietnamese
   defining Unicode char U+00AB (decimal 171)
   defining Unicode char U+00BB (decimal 187)
   defining Unicode char U+00C0 (decimal 192)
   defining Unicode char U+00C1 (decimal 193)
   defining Unicode char U+00C2 (decimal 194)
   defining Unicode char U+00C3 (decimal 195)
   defining Unicode char U+00C8 (decimal 200)
   defining Unicode char U+00C9 (decimal 201)
   defining Unicode char U+00CA (decimal 202)
   defining Unicode char U+00CC (decimal 204)
   defining Unicode char U+00CD (decimal 205)
   defining Unicode char U+00D2 (decimal 210)
   defining Unicode char U+00D3 (decimal 211)
   defining Unicode char U+00D4 (decimal 212)
   defining Unicode char U+00D5 (decimal 213)
   defining Unicode char U+00D9 (decimal 217)
   defining Unicode char U+00DA (decimal 218)
   defining Unicode char U+00DD (decimal 221)
   defining Unicode char U+00E0 (decimal 224)
   defining Unicode char U+00E1 (decimal 225)
   defining Unicode char U+00E2 (decimal 226)
   defining Unicode char U+00E3 (decimal 227)
   defining Unicode char U+00E8 (decimal 232)
   defining Unicode char U+00E9 (decimal 233)
   defining Unicode char U+00EA (decimal 234)
   defining Unicode char U+00EC (decimal 236)
   defining Unicode char U+00ED (decimal 237)
   defining Unicode char U+00F2 (decimal 242)
   defining Unicode char U+00F3 (decimal 243)
   defining Unicode char U+00F4 (decimal 244)
   defining Unicode char U+00F5 (decimal 245)
   defining Unicode char U+00F9 (decimal 249)
   defining Unicode char U+00FA (decimal 250)
   defining Unicode char U+00FD (decimal 253)
   defining Unicode char U+0102 (decimal 258)
   defining Unicode char U+0103 (decimal 259)
   defining Unicode char U+0110 (decimal 272)
   defining Unicode char U+0111 (decimal 273)
   defining Unicode char U+0128 (decimal 296)
   defining Unicode char U+0129 (decimal 297)
   defining Unicode char U+0131 (decimal 305)
   defining Unicode char U+0168 (decimal 360)
   defining Unicode char U+0169 (decimal 361)
   defining Unicode char U+01A0 (decimal 416)
   defining Unicode char U+01A1 (decimal 417)
   defining Unicode char U+01AF (decimal 431)
   defining Unicode char U+01B0 (decimal 432)
   defining Unicode char U+1EA0 (decimal 7840)
   defining Unicode char U+1EA1 (decimal 7841)
   defining Unicode char U+1EA2 (decimal 7842)
   defining Unicode char U+1EA3 (decimal 7843)
   defining Unicode char U+1EA4 (decimal 7844)
   defining Unicode char U+1EA5 (decimal 7845)
   defining Unicode char U+1EA6 (decimal 7846)
   defining Unicode char U+1EA7 (decimal 7847)
   defining Unicode char U+1EA8 (decimal 7848)
   defining Unicode char U+1EA9 (decimal 7849)
   defining Unicode char U+1EAA (decimal 7850)
   defining Unicode char U+1EAB (decimal 7851)
   defining Unicode char U+1EAC (decimal 7852)
   defining Unicode char U+1EAD (decimal 7853)
   defining Unicode char U+1EAE (decimal 7854)
   defining Unicode char U+1EAF (decimal 7855)
   defining Unicode char U+1EB0 (decimal 7856)
   defining Unicode char U+1EB1 (decimal 7857)
   defining Unicode char U+1EB2 (decimal 7858)
   defining Unicode char U+1EB3 (decimal 7859)
   defining Unicode char U+1EB4 (decimal 7860)
   defining Unicode char U+1EB5 (decimal 7861)
   defining Unicode char U+1EB6 (decimal 7862)
   defining Unicode char U+1EB7 (decimal 7863)
   defining Unicode char U+1EB8 (decimal 7864)
   defining Unicode char U+1EB9 (decimal 7865)
   defining Unicode char U+1EBA (decimal 7866)
   defining Unicode char U+1EBB (decimal 7867)
   defining Unicode char U+1EBC (decimal 7868)
   defining Unicode char U+1EBD (decimal 7869)
   defining Unicode char U+1EBE (decimal 7870)
   defining Unicode char U+1EBF (decimal 7871)
   defining Unicode char U+1EC0 (decimal 7872)
   defining Unicode char U+1EC1 (decimal 7873)
   defining Unicode char U+1EC2 (decimal 7874)
   defining Unicode char U+1EC3 (decimal 7875)
   defining Unicode char U+1EC4 (decimal 7876)
   defining Unicode char U+1EC5 (decimal 7877)
   defining Unicode char U+1EC6 (decimal 7878)
   defining Unicode char U+1EC7 (decimal 7879)
   defining Unicode char U+1EC8 (decimal 7880)
   defining Unicode char U+1EC9 (decimal 7881)
   defining Unicode char U+1ECA (decimal 7882)
   defining Unicode char U+1ECB (decimal 7883)
   defining Unicode char U+1ECC (decimal 7884)
   defining Unicode char U+1ECD (decimal 7885)
   defining Unicode char U+1ECE (decimal 7886)
   defining Unicode char U+1ECF (decimal 7887)
   defining Unicode char U+1ED0 (decimal 7888)
   defining Unicode char U+1ED1 (decimal 7889)
   defining Unicode char U+1ED2 (decimal 7890)
   defining Unicode char U+1ED3 (decimal 7891)
   defining Unicode char U+1ED4 (decimal 7892)
   defining Unicode char U+1ED5 (decimal 7893)
   defining Unicode char U+1ED6 (decimal 7894)
   defining Unicode char U+1ED7 (decimal 7895)
   defining Unicode char U+1ED8 (decimal 7896)
   defining Unicode char U+1ED9 (decimal 7897)
   defining Unicode char U+1EDA (decimal 7898)
   defining Unicode char U+1EDB (decimal 7899)
   defining Unicode char U+1EDC (decimal 7900)
   defining Unicode char U+1EDD (decimal 7901)
   defining Unicode char U+1EDE (decimal 7902)
   defining Unicode char U+1EDF (decimal 7903)
   defining Unicode char U+1EE0 (decimal 7904)
   defining Unicode char U+1EE1 (decimal 7905)
   defining Unicode char U+1EE2 (decimal 7906)
   defining Unicode char U+1EE3 (decimal 7907)
   defining Unicode char U+1EE4 (decimal 7908)
   defining Unicode char U+1EE5 (decimal 7909)
   defining Unicode char U+1EE6 (decimal 7910)
   defining Unicode char U+1EE7 (decimal 7911)
   defining Unicode char U+1EE8 (decimal 7912)
   defining Unicode char U+1EE9 (decimal 7913)
   defining Unicode char U+1EEA (decimal 7914)
   defining Unicode char U+1EEB (decimal 7915)
   defining Unicode char U+1EEC (decimal 7916)
   defining Unicode char U+1EED (decimal 7917)
   defining Unicode char U+1EEE (decimal 7918)
   defining Unicode char U+1EEF (decimal 7919)
   defining Unicode char U+1EF0 (decimal 7920)
   defining Unicode char U+1EF1 (decimal 7921)
   defining Unicode char U+1EF2 (decimal 7922)
   defining Unicode char U+1EF3 (decimal 7923)
   defining Unicode char U+1EF4 (decimal 7924)
   defining Unicode char U+1EF5 (decimal 7925)
   defining Unicode char U+1EF6 (decimal 7926)
   defining Unicode char U+1EF7 (decimal 7927)
   defining Unicode char U+1EF8 (decimal 7928)
   defining Unicode char U+1EF9 (decimal 7929)
   defining Unicode char U+200C (decimal 8204)
   defining Unicode char U+2013 (decimal 8211)
   defining Unicode char U+2014 (decimal 8212)
   defining Unicode char U+2018 (decimal 8216)
   defining Unicode char U+2019 (decimal 8217)
   defining Unicode char U+201A (decimal 8218)
   defining Unicode char U+201C (decimal 8220)
   defining Unicode char U+201D (decimal 8221)
   defining Unicode char U+201E (decimal 8222)
   defining Unicode char U+2030 (decimal 8240)
   defining Unicode char U+2031 (decimal 8241)
   defining Unicode char U+2039 (decimal 8249)
   defining Unicode char U+203A (decimal 8250)
   defining Unicode char U+2423 (decimal 9251)
))
LaTeX Font Info:    Trying to load font information for T5+cmr on input line 11
6.

(C:\Program Files\MiKTeX\tex/latex/vntex\t5cmr.fd
File: t5cmr.fd 1999/05/25 v2.5h Standard LaTeX font definitions
))
(C:\Program Files\MiKTeX\tex/generic/babel\babel.sty
Package: babel 2026/05/20 v26.8 The multilingual framework for LuaLaTeX, pdfLaT
eX and XeLaTeX
\babel@savecnt=\count284
LaTeX Encoding Info:    Redeclaring text command \ij (encoding OT1) on input li
ne 2084.
LaTeX Encoding Info:    Redeclaring text command \IJ (encoding OT1) on input li
ne 2086.
LaTeX Encoding Info:    Redeclaring text command \ij (encoding T1) on input lin
e 2088.
LaTeX Encoding Info:    Redeclaring text command \IJ (encoding T1) on input lin
e 2089.
LaTeX Encoding Info:    Ignoring declaration for text command \ij (encoding ?) 
on input line 2090.
LaTeX Encoding Info:    Ignoring declaration for text command \IJ (encoding ?) 
on input line 2092.
LaTeX Encoding Info:    Ignoring declaration for text command \SS (encoding ?) 
on input line 2117.
\U@D=\dimen151
\l@unhyphenated=\language79

(C:\Program Files\MiKTeX\tex/generic/babel\txtbabel.def)
\bbl@readstream=\read2
\bbl@dirlevel=\count285
Package babel Info: Configuration files are deprecated, as
(babel)             they can break document portability.
(babel)             Reported on input line 4228.

*************************************
* Local config file bblopts.cfg used
*
(C:\Program Files\MiKTeX\tex/latex/arabi\bblopts.cfg
File: bblopts.cfg 2005/09/08 v0.1 add Arabic and Farsi to "declared" options of
 babel
)
(C:\Program Files\MiKTeX\tex/generic/babel/locale/vi\babel-vietnamese.tex)
Package babel Info: Importing font and identification data for vietnamese
(babel)             from babel-vi.ini. Reported on input line 4356.

(C:\Program Files\MiKTeX\tex/latex/babel-vietnamese\vietnamese.ldf
Language: vietnamese 


Package babel Warning: No hyphenation patterns were preloaded for
(babel)                the language 'Vietnamese' into the format.
(babel)                Please, configure your TeX system to add them and
(babel)                rebuild the format. Now I will use the patterns
(babel)                preloaded for \language=0 instead on input line 36.

Package babel Info: Hyphen rules for 'vietnamese' set to \l@english
(babel)             (\language0). Reported on input line 37.
Package babel Info: Hyphen rules for 'vietnam' set to \l@english
(babel)             (\language0). Reported on input line 38.
Loading definitions for the Vietnamese font encoding
(C:\Program Files\MiKTeX\tex/latex/vntex\t5enc.def
File: t5enc.def 2006/11/21 v1.4 Vietnamese T5 encoding
LaTeX Font Info:    Redeclaring font encoding T5 on input line 75.
LaTeX Encoding Info:    Redeclaring text command \` (encoding T5) on input line
 79.
LaTeX Encoding Info:    Redeclaring text command \' (encoding T5) on input line
 80.
LaTeX Encoding Info:    Redeclaring text command \^ (encoding T5) on input line
 81.
LaTeX Encoding Info:    Redeclaring text command \~ (encoding T5) on input line
 82.
LaTeX Encoding Info:    Redeclaring text command \" (encoding T5) on input line
 83.
LaTeX Encoding Info:    Redeclaring text command \r (encoding T5) on input line
 84.
LaTeX Encoding Info:    Redeclaring text command \v (encoding T5) on input line
 85.
LaTeX Encoding Info:    Redeclaring text command \u (encoding T5) on input line
 86.
LaTeX Encoding Info:    Redeclaring text command \= (encoding T5) on input line
 87.
LaTeX Encoding Info:    Redeclaring text command \. (encoding T5) on input line
 88.
LaTeX Encoding Info:    Redeclaring text command \b (encoding T5) on input line
 90.
LaTeX Encoding Info:    Redeclaring text command \c (encoding T5) on input line
 94.
LaTeX Encoding Info:    Redeclaring text command \d (encoding T5) on input line
 98.
LaTeX Encoding Info:    Redeclaring text command \h (encoding T5) on input line
 103.
LaTeX Encoding Info:    Redeclaring text symbol \quotesinglbase (encoding T5) o
n input line 105.
LaTeX Encoding Info:    Redeclaring text symbol \guilsinglleft (encoding T5) on
 input line 106.
LaTeX Encoding Info:    Redeclaring text symbol \guilsinglright (encoding T5) o
n input line 107.
LaTeX Encoding Info:    Redeclaring text symbol \textquotedblleft (encoding T5)
 on input line 108.
LaTeX Encoding Info:    Redeclaring text symbol \textquotedblright (encoding T5
) on input line 109.
LaTeX Encoding Info:    Redeclaring text symbol \quotedblbase (encoding T5) on 
input line 110.
LaTeX Encoding Info:    Redeclaring text symbol \guillemotleft (encoding T5) on
 input line 111.
LaTeX Encoding Info:    Redeclaring text symbol \guillemotright (encoding T5) o
n input line 112.
LaTeX Encoding Info:    Redeclaring text symbol \textendash (encoding T5) on in
put line 113.
LaTeX Encoding Info:    Redeclaring text symbol \textemdash (encoding T5) on in
put line 114.
LaTeX Encoding Info:    Redeclaring text symbol \textcompwordmark (encoding T5)
 on input line 115.
LaTeX Encoding Info:    Redeclaring text command \textperthousand (encoding T5)
 on input line 117.
LaTeX Encoding Info:    Redeclaring text command \textpertenthousand (encoding 
T5) on input line 118.
LaTeX Encoding Info:    Redeclaring text symbol \i (encoding T5) on input line 
119.
LaTeX Encoding Info:    Redeclaring text symbol \textvisiblespace (encoding T5)
 on input line 121.
LaTeX Encoding Info:    Redeclaring text symbol \textquotedbl (encoding T5) on 
input line 122.
LaTeX Encoding Info:    Redeclaring text symbol \textdollar (encoding T5) on in
put line 123.
LaTeX Encoding Info:    Redeclaring text symbol \textquoteright (encoding T5) o
n input line 124.
LaTeX Encoding Info:    Redeclaring text symbol \textless (encoding T5) on inpu
t line 125.
LaTeX Encoding Info:    Redeclaring text symbol \textgreater (encoding T5) on i
nput line 126.
LaTeX Encoding Info:    Redeclaring text symbol \textbackslash (encoding T5) on
 input line 127.
LaTeX Encoding Info:    Redeclaring text symbol \textasciicircum (encoding T5) 
on input line 128.
LaTeX Encoding Info:    Redeclaring text symbol \textunderscore (encoding T5) o
n input line 129.
LaTeX Encoding Info:    Redeclaring text symbol \textquoteleft (encoding T5) on
 input line 130.
LaTeX Encoding Info:    Redeclaring text symbol \textbraceleft (encoding T5) on
 input line 131.
LaTeX Encoding Info:    Redeclaring text symbol \textbar (encoding T5) on input
 line 132.
LaTeX Encoding Info:    Redeclaring text symbol \textbraceright (encoding T5) o
n input line 133.
LaTeX Encoding Info:    Redeclaring text symbol \textasciitilde (encoding T5) o
n input line 134.
LaTeX Encoding Info:    Redeclaring text command \horn (encoding T5) on input l
ine 137.
LaTeX Encoding Info:    Redeclaring text symbol \DJ (encoding T5) on input line
 306.
LaTeX Encoding Info:    Redeclaring text symbol \dj (encoding T5) on input line
 307.
LaTeX Encoding Info:    Redeclaring text symbol \Acircumflex (encoding T5) on i
nput line 312.
LaTeX Encoding Info:    Redeclaring text symbol \Abreve (encoding T5) on input 
line 319.
LaTeX Encoding Info:    Redeclaring text symbol \Ecircumflex (encoding T5) on i
nput line 326.
LaTeX Encoding Info:    Redeclaring text symbol \Ocircumflex (encoding T5) on i
nput line 333.
LaTeX Encoding Info:    Redeclaring text symbol \Ohorn (encoding T5) on input l
ine 340.
LaTeX Encoding Info:    Redeclaring text symbol \Uhorn (encoding T5) on input l
ine 347.
LaTeX Encoding Info:    Redeclaring text symbol \acircumflex (encoding T5) on i
nput line 354.
LaTeX Encoding Info:    Redeclaring text symbol \abreve (encoding T5) on input 
line 361.
LaTeX Encoding Info:    Redeclaring text symbol \ecircumflex (encoding T5) on i
nput line 368.
LaTeX Encoding Info:    Redeclaring text symbol \ocircumflex (encoding T5) on i
nput line 375.
LaTeX Encoding Info:    Redeclaring text symbol \ohorn (encoding T5) on input l
ine 382.
LaTeX Encoding Info:    Redeclaring text symbol \uhorn (encoding T5) on input l
ine 389.
LaTeX Encoding Info:    Redeclaring text symbol \ACIRCUMFLEX (encoding T5) on i
nput line 397.
LaTeX Encoding Info:    Redeclaring text symbol \ABREVE (encoding T5) on input 
line 404.
LaTeX Encoding Info:    Redeclaring text symbol \ECIRCUMFLEX (encoding T5) on i
nput line 411.
LaTeX Encoding Info:    Redeclaring text symbol \OCIRCUMFLEX (encoding T5) on i
nput line 418.
LaTeX Encoding Info:    Redeclaring text symbol \OHORN (encoding T5) on input l
ine 425.
LaTeX Encoding Info:    Redeclaring text symbol \UHORN (encoding T5) on input l
ine 432.
)
Package babel Info: Making " an active character on input line 147.
))
(C:\Program Files\MiKTeX\tex/latex/xcolor\xcolor.sty
Package: xcolor 2024/09/29 v3.02 LaTeX color extensions (UK)

(C:\Program Files\MiKTeX\tex/latex/graphics-cfg\color.cfg
File: color.cfg 2016/01/02 v1.6 sample color configuration
)
Package xcolor Info: Driver file: pdftex.def on input line 274.

(C:\Program Files\MiKTeX\tex/latex/graphics-def\pdftex.def
File: pdftex.def 2025/09/29 v1.2d Graphics/color driver for pdftex
)
(C:\Program Files\MiKTeX\tex/latex/graphics\mathcolor.ltx)
Package xcolor Info: Model `cmy' substituted by `cmy0' on input line 1349.
Package xcolor Info: Model `hsb' substituted by `rgb' on input line 1353.
Package xcolor Info: Model `RGB' extended on input line 1365.
Package xcolor Info: Model `HTML' substituted by `rgb' on input line 1367.
Package xcolor Info: Model `Hsb' substituted by `hsb' on input line 1368.
Package xcolor Info: Model `tHsb' substituted by `hsb' on input line 1369.
Package xcolor Info: Model `HSB' substituted by `hsb' on input line 1370.
Package xcolor Info: Model `Gray' substituted by `gray' on input line 1371.
Package xcolor Info: Model `wave' substituted by `hsb' on input line 1372.
)
(C:\Program Files\MiKTeX\tex/latex/colortbl\colortbl.sty
Package: colortbl 2026/05/01 v1.0l Color table columns (DPC)

(C:\Program Files\MiKTeX\tex/latex/tools\array.sty
Package: array 2026/02/24 v2.7b Tabular extension package (FMi)
\col@sep=\dimen152
\ar@mcellbox=\box53
\extrarowheight=\dimen153
\NC@list=\toks19
\extratabsurround=\skip51
\backup@length=\skip52
\ar@cellbox=\box54
)
new hooks used!!
\minrowclearance=\skip53
\rownum=\count286
) (C:\Program Files\MiKTeX\tex/latex/tools\tabularx.sty
Package: tabularx 2023/12/11 v2.12a `tabularx' package (DPC)
\TX@col@width=\dimen154
\TX@old@table=\dimen155
\TX@old@col=\dimen156
\TX@target=\dimen157
\TX@delta=\dimen158
\TX@cols=\count287
\TX@ftn=\toks20
)
(C:\Program Files\MiKTeX\tex/latex/booktabs\booktabs.sty
Package: booktabs 2020/01/12 v1.61803398 Publication quality tables
\heavyrulewidth=\dimen159
\lightrulewidth=\dimen160
\cmidrulewidth=\dimen161
\belowrulesep=\dimen162
\belowbottomsep=\dimen163
\aboverulesep=\dimen164
\abovetopsep=\dimen165
\cmidrulesep=\dimen166
\cmidrulekern=\dimen167
\defaultaddspace=\dimen168
\@cmidla=\count288
\@cmidlb=\count289
\@aboverulesep=\dimen169
\@belowrulesep=\dimen170
\@thisruleclass=\count290
\@lastruleclass=\count291
\@thisrulewidth=\dimen171
)
(C:\Program Files\MiKTeX\tex/latex/tools\longtable.sty
Package: longtable 2026-01-28 v4.27 Multi-page Table package (DPC)
\LTleft=\skip54
\LTright=\skip55
\LTpre=\skip56
\LTpost=\skip57
\LTchunksize=\count292
\LTcapwidth=\dimen172
\LT@head=\box55
\LT@firsthead=\box56
\LT@foot=\box57
\LT@lastfoot=\box58
\LT@gbox=\box59
\LT@cols=\count293
\LT@rows=\count294
\c@LT@tables=\count295
\c@LT@chunks=\count296
\LT@p@ftn=\toks21
)
(C:\Program Files\MiKTeX\tex/latex/graphics\graphicx.sty
Package: graphicx 2026-05-17 v1.2e Enhanced LaTeX Graphics (DPC,SPQR)

(C:\Program Files\MiKTeX\tex/latex/graphics\keyval.sty
Package: keyval 2026-05-17 v1.15 key=value parser (DPC)
\KV@toks@=\toks22
)
(C:\Program Files\MiKTeX\tex/latex/graphics\graphics.sty
Package: graphics 2026-05-17 v1.4h Standard LaTeX Graphics (DPC,SPQR)

(C:\Program Files\MiKTeX\tex/latex/graphics\trig.sty
Package: trig 2023/12/02 v1.11 sin cos tan (DPC)
)
(C:\Program Files\MiKTeX\tex/latex/graphics-cfg\graphics.cfg
File: graphics.cfg 2016/06/04 v1.11 sample graphics configuration
)
Package graphics Info: Driver file: pdftex.def on input line 106.
)
\Gin@req@height=\dimen173
\Gin@req@width=\dimen174
)
(C:\Program Files\MiKTeX\tex/latex/float\float.sty
Package: float 2001/11/08 v1.3d Float enhancements (AL)
\c@float@type=\count297
\float@exts=\toks23
\float@box=\box60
\@float@everytoks=\toks24
\@floatcapt=\box61
)
(C:\Program Files\MiKTeX\tex/latex/geometry\geometry.sty
Package: geometry 2026/03/07 v6.0 Page Geometry

(C:\Program Files\MiKTeX\tex/generic/iftex\ifvtex.sty
Package: ifvtex 2019/10/25 v1.7 ifvtex legacy package. Use iftex instead.

(C:\Program Files\MiKTeX\tex/generic/iftex\iftex.sty
Package: iftex 2024/12/12 v1.0g TeX engine tests
))
\Gm@cnth=\count298
\Gm@cntv=\count299
\c@Gm@tempcnt=\count300
\Gm@bindingoffset=\dimen175
\Gm@wd@mp=\dimen176
\Gm@odd@mp=\dimen177
\Gm@even@mp=\dimen178
\Gm@layoutwidth=\dimen179
\Gm@layoutheight=\dimen180
\Gm@layouthoffset=\dimen181
\Gm@layoutvoffset=\dimen182
\Gm@dimlist=\toks25

(C:\Program Files\MiKTeX\tex/latex/geometry\geometry.cfg))
(C:\Program Files\MiKTeX\tex/latex/enumitem\enumitem.sty
Package: enumitem 2025/02/06 v3.11 Customized lists
\labelindent=\skip58
\enit@outerparindent=\dimen183
\enit@toks=\toks26
\enit@inbox=\box62
\enit@count@id=\count301
\enitdp@description=\count302
)
(C:\Program Files\MiKTeX\tex/latex/xurl\xurl.sty
Package: xurl 2022/01/09 v 0.10 modify URL breaks

(C:\Program Files\MiKTeX\tex/latex/url\url.sty
\Urlmuskip=\muskip17
Package: url 2013/09/16  ver 3.4  Verb mode for urls, etc.
))
(C:\Program Files\MiKTeX\tex/latex/hyperref\hyperref.sty
Package: hyperref 2026-04-24 v7.01q Hypertext links for LaTeX

(C:\Program Files\MiKTeX\tex/latex/kvsetkeys\kvsetkeys.sty
Package: kvsetkeys 2022-10-05 v1.19 Key value parser (HO)
)
(C:\Program Files\MiKTeX\tex/generic/kvdefinekeys\kvdefinekeys.sty
Package: kvdefinekeys 2019-12-19 v1.6 Define keys (HO)
)
(C:\Program Files\MiKTeX\tex/generic/pdfescape\pdfescape.sty
Package: pdfescape 2019/12/09 v1.15 Implements pdfTeX's escape features (HO)

(C:\Program Files\MiKTeX\tex/generic/ltxcmds\ltxcmds.sty
Package: ltxcmds 2023-12-04 v1.26 LaTeX kernel commands for general use (HO)
)
(C:\Program Files\MiKTeX\tex/generic/pdftexcmds\pdftexcmds.sty
Package: pdftexcmds 2020-06-27 v0.33 Utility functions of pdfTeX for LuaTeX (HO
)

(C:\Program Files\MiKTeX\tex/generic/infwarerr\infwarerr.sty
Package: infwarerr 2019/12/03 v1.5 Providing info/warning/error messages (HO)
)
Package pdftexcmds Info: \pdf@primitive is available.
Package pdftexcmds Info: \pdf@ifprimitive is available.
Package pdftexcmds Info: \pdfdraftmode found.
))
(C:\Program Files\MiKTeX\tex/latex/hycolor\hycolor.sty
Package: hycolor 2020-01-27 v1.10 Color options for hyperref/bookmark (HO)
)
(C:\Program Files\MiKTeX\tex/latex/hyperref\nameref.sty
Package: nameref 2026-01-29 v2.58 Cross-referencing by name of section

(C:\Program Files\MiKTeX\tex/latex/refcount\refcount.sty
Package: refcount 2019/12/15 v3.6 Data extraction from label references (HO)
)
(C:\Program Files\MiKTeX\tex/generic/gettitlestring\gettitlestring.sty
Package: gettitlestring 2019/12/15 v1.6 Cleanup title references (HO)

(C:\Program Files\MiKTeX\tex/latex/kvoptions\kvoptions.sty
Package: kvoptions 2022-06-15 v3.15 Key value format for package options (HO)
))
\c@section@level=\count303
)
(C:\Program Files\MiKTeX\tex/latex/etoolbox\etoolbox.sty
Package: etoolbox 2025/10/02 v2.5m e-TeX tools for LaTeX (JAW)
\etb@tempcnta=\count304
)
(C:\Program Files\MiKTeX\tex/generic/stringenc\stringenc.sty
Package: stringenc 2019/11/29 v1.12 Convert strings between diff. encodings (HO
)
)
\@linkdim=\dimen184
\Hy@linkcounter=\count305
\Hy@pagecounter=\count306

(C:\Program Files\MiKTeX\tex/latex/hyperref\pd1enc.def
File: pd1enc.def 2026-04-24 v7.01q Hyperref: PDFDocEncoding definition (HO)
Now handling font encoding PD1 ...
... no UTF-8 mapping file for font encoding PD1
)
(C:\Program Files\MiKTeX\tex/generic/intcalc\intcalc.sty
Package: intcalc 2019/12/15 v1.3 Expandable calculations with integers (HO)
)
\Hy@SavedSpaceFactor=\count307

(C:\Program Files\MiKTeX\tex/latex/hyperref\puenc.def
File: puenc.def 2026-04-24 v7.01q Hyperref: PDF Unicode definition (HO)
Now handling font encoding PU ...
... no UTF-8 mapping file for font encoding PU
)
Package hyperref Info: Hyper figures OFF on input line 4199.
Package hyperref Info: Link nesting OFF on input line 4204.
Package hyperref Info: Hyper index ON on input line 4207.
Package hyperref Info: Plain pages OFF on input line 4214.
Package hyperref Info: Backreferencing OFF on input line 4219.
Package hyperref Info: Implicit mode ON; LaTeX internals redefined.
Package hyperref Info: Bookmarks ON on input line 4466.
\c@Hy@tempcnt=\count308
LaTeX Info: Redefining \url on input line 4805.
\XeTeXLinkMargin=\dimen185

(C:\Program Files\MiKTeX\tex/generic/bitset\bitset.sty
Package: bitset 2019/12/09 v1.3 Handle bit-vector datatype (HO)

(C:\Program Files\MiKTeX\tex/generic/bigintcalc\bigintcalc.sty
Package: bigintcalc 2019/12/15 v1.5 Expandable calculations on big integers (HO
)
))
\Fld@menulength=\count309
\Field@Width=\dimen186
\Fld@charsize=\dimen187
Package hyperref Info: Hyper figures OFF on input line 6091.
Package hyperref Info: Link nesting OFF on input line 6096.
Package hyperref Info: Hyper index ON on input line 6099.
Package hyperref Info: backreferencing OFF on input line 6106.
Package hyperref Info: Link coloring OFF on input line 6111.
Package hyperref Info: Link coloring with OCG OFF on input line 6116.
Package hyperref Info: PDF/A mode OFF on input line 6121.
\Hy@abspage=\count310
\c@Item=\count311
\c@Hfootnote=\count312
)
Package hyperref Info: Driver (autodetected): hpdftex.

(C:\Program Files\MiKTeX\tex/latex/hyperref\hpdftex.def
File: hpdftex.def 2026-04-24 v7.01q Hyperref driver for pdfTeX
\Fld@listcount=\count313
\c@bookmark@seq@number=\count314

(C:\Program Files\MiKTeX\tex/latex/rerunfilecheck\rerunfilecheck.sty
Package: rerunfilecheck 2025-06-21 v1.11 Rerun checks for auxiliary files (HO)

(C:\Program Files\MiKTeX\tex/generic/uniquecounter\uniquecounter.sty
Package: uniquecounter 2019/12/15 v1.4 Provide unlimited unique counter (HO)
)
Package uniquecounter Info: New unique counter `rerunfilecheck' on input line 2
84.
)
\Hy@SectionHShift=\skip59
)
(C:\Program Files\MiKTeX\tex/latex/setspace\setspace.sty
Package: setspace 2022/12/04 v6.7b set line spacing
)
(C:\Program Files\MiKTeX\tex/latex/l3backend\l3backend-pdftex.def
File: l3backend-pdftex.def 2026-02-18 L3 backend support: PDF output (pdfTeX)
\l__color_backend_stack_int=\count315
) (main.aux
Package babel Info: 'vietnamese' activates 'vietnamese' shorthands.
(babel)             Reported on input line 8.


LaTeX Warning: Label `fig:Screen Description-view-paper-details' multiply defin
ed.


LaTeX Warning: Label `fig:erd' multiply defined.


LaTeX Warning: Label `fig:erd' multiply defined.


LaTeX Warning: Label `fig:erd' multiply defined.


LaTeX Warning: Label `fig:erd' multiply defined.


LaTeX Warning: Label `fig:erd' multiply defined.


LaTeX Warning: Label `fig:erd' multiply defined.


LaTeX Warning: Label `fig:erd' multiply defined.


LaTeX Warning: Label `fig:erd' multiply defined.


LaTeX Warning: Label `fig:erd' multiply defined.


LaTeX Warning: Label `fig:erd' multiply defined.


LaTeX Warning: Label `fig:erd' multiply defined.


LaTeX Warning: Label `fig:erd' multiply defined.


LaTeX Warning: Label `fig:erd' multiply defined.


LaTeX Warning: Label `fig:erd' multiply defined.


LaTeX Warning: Label `fig:erd' multiply defined.


LaTeX Warning: Label `fig:erd' multiply defined.


LaTeX Warning: Label `fig:erd' multiply defined.


LaTeX Warning: Label `fig:erd' multiply defined.


LaTeX Warning: Label `fig:erd' multiply defined.


LaTeX Warning: Label `fig:erd' multiply defined.


LaTeX Warning: Label `fig:erd' multiply defined.


LaTeX Warning: Label `fig:erd' multiply defined.


LaTeX Warning: Label `fig:erd' multiply defined.


LaTeX Warning: Label `fig:erd' multiply defined.


LaTeX Warning: Label `fig:erd' multiply defined.


LaTeX Warning: Label `fig:erd' multiply defined.


LaTeX Warning: Label `fig:erd' multiply defined.


LaTeX Warning: Label `fig:erd' multiply defined.


LaTeX Warning: Label `fig:erd' multiply defined.


LaTeX Warning: Label `fig:erd' multiply defined.


LaTeX Warning: Label `fig:erd' multiply defined.


LaTeX Warning: Label `fig:erd' multiply defined.


LaTeX Warning: Label `fig:erd' multiply defined.


LaTeX Warning: Label `fig:erd' multiply defined.


LaTeX Warning: Label `fig:erd' multiply defined.


LaTeX Warning: Label `fig:admin' multiply defined.


LaTeX Warning: Label `fig:admin' multiply defined.


LaTeX Warning: Label `fig:admin' multiply defined.


LaTeX Warning: Label `fig:admin' multiply defined.


LaTeX Warning: Label `fig:admin' multiply defined.


LaTeX Warning: Label `fig:admin' multiply defined.


LaTeX Warning: Label `fig:admin' multiply defined.


LaTeX Warning: Label `fig:admin' multiply defined.


LaTeX Warning: Label `fig:admin' multiply defined.


LaTeX Warning: Label `fig:admin' multiply defined.


LaTeX Warning: Label `fig:admin' multiply defined.


LaTeX Warning: Label `fig:admin' multiply defined.


LaTeX Warning: Label `fig:admin' multiply defined.


LaTeX Warning: Label `fig:admin' multiply defined.


LaTeX Warning: Label `fig:admin' multiply defined.


LaTeX Warning: Label `fig:admin' multiply defined.


LaTeX Warning: Label `fig:admin' multiply defined.


LaTeX Warning: Label `fig:admin' multiply defined.


LaTeX Warning: Label `fig:admin' multiply defined.


LaTeX Warning: Label `fig:admin' multiply defined.


LaTeX Warning: Label `fig:admin' multiply defined.


LaTeX Warning: Label `fig:admin' multiply defined.


LaTeX Warning: Label `fig:admin' multiply defined.


LaTeX Warning: Label `fig:admin' multiply defined.


LaTeX Warning: Label `fig:admin' multiply defined.


LaTeX Warning: Label `fig:backend_package_diagram' multiply defined.


LaTeX Warning: Label `fig:erd' multiply defined.


LaTeX Warning: Label `fig:erd' multiply defined.


LaTeX Warning: Label `fig:class-track-publication-trends' multiply defined.


LaTeX Warning: Label `fig:erd' multiply defined.


LaTeX Warning: Label `fig:class-track-publication-trends' multiply defined.


LaTeX Warning: Label `fig:erd' multiply defined.


LaTeX Warning: Label `fig:class-track-publication-trends' multiply defined.


LaTeX Warning: Label `fig:class-track-publication-trends' multiply defined.


LaTeX Warning: Label `fig:class-track-publication-trends' multiply defined.


LaTeX Warning: Label `fig:erd' multiply defined.


LaTeX Warning: Label `fig:erd' multiply defined.


LaTeX Warning: Label `fig:erd' multiply defined.


LaTeX Warning: Label `fig:erd' multiply defined.


LaTeX Warning: Label `fig:erd' multiply defined.


LaTeX Warning: Label `fig:erd' multiply defined.


LaTeX Warning: Label `fig:erd' multiply defined.


LaTeX Warning: Label `fig:erd' multiply defined.


LaTeX Warning: Label `fig:erd' multiply defined.


LaTeX Warning: Label `fig:erd' multiply defined.


LaTeX Warning: Label `fig:erd' multiply defined.

)
\openout1 = `main.aux'.

LaTeX Font Info:    Checking defaults for OML/cmm/m/it on input line 80.
LaTeX Font Info:    ... okay on input line 80.
LaTeX Font Info:    Checking defaults for OMS/cmsy/m/n on input line 80.
LaTeX Font Info:    ... okay on input line 80.
LaTeX Font Info:    Checking defaults for OT1/cmr/m/n on input line 80.
LaTeX Font Info:    ... okay on input line 80.
LaTeX Font Info:    Checking defaults for T1/cmr/m/n on input line 80.
LaTeX Font Info:    ... okay on input line 80.
LaTeX Font Info:    Checking defaults for TS1/cmr/m/n on input line 80.
LaTeX Font Info:    ... okay on input line 80.
LaTeX Font Info:    Checking defaults for OMX/cmex/m/n on input line 80.
LaTeX Font Info:    ... okay on input line 80.
LaTeX Font Info:    Checking defaults for U/cmr/m/n on input line 80.
LaTeX Font Info:    ... okay on input line 80.
LaTeX Font Info:    Checking defaults for T5/cmr/m/n on input line 80.
LaTeX Font Info:    ... okay on input line 80.
LaTeX Font Info:    Checking defaults for PD1/pdf/m/n on input line 80.
LaTeX Font Info:    ... okay on input line 80.
LaTeX Font Info:    Checking defaults for PU/pdf/m/n on input line 80.
LaTeX Font Info:    ... okay on input line 80.
 (C:\Program Files\MiKTeX\tex/context/base/mkii\supp-pdf.mkii
[Loading MPS to PDF converter (version 2006.09.02).]
\scratchcounter=\count316
\scratchdimen=\dimen188
\scratchbox=\box63
\nofMPsegments=\count317
\nofMParguments=\count318
\everyMPshowfont=\toks27
\MPscratchCnt=\count319
\MPscratchDim=\dimen189
\MPnumerator=\count320
\makeMPintoPDFobject=\count321
\everyMPtoPDFconversion=\toks28
) (C:\Program Files\MiKTeX\tex/latex/epstopdf-pkg\epstopdf-base.sty
Package: epstopdf-base 2020-01-24 v2.11 Base part for package epstopdf
Package epstopdf-base Info: Redefining graphics rule for `.eps' on input line 4
85.

(C:\Program Files\MiKTeX\tex/latex/00miktex\epstopdf-sys.cfg
File: epstopdf-sys.cfg 2021/03/18 v2.0 Configuration of epstopdf for MiKTeX
))
*geometry* driver: auto-detecting
*geometry* detected driver: pdftex
*geometry* verbose mode - [ preamble ] result:
* driver: pdftex
* paper: a4paper
* layout: <same size as paper>
* layoutoffset:(h,v)=(0.0pt,0.0pt)
* modes: 
* h-part:(L,W,R)=(72.26999pt, 452.9679pt, 72.26999pt)
* v-part:(T,H,B)=(72.26999pt, 700.50687pt, 72.26999pt)
* \paperwidth=597.50787pt
* \paperheight=845.04684pt
* \textwidth=452.9679pt
* \textheight=700.50687pt
* \oddsidemargin=0.0pt
* \evensidemargin=0.0pt
* \topmargin=-37.0pt
* \headheight=12.0pt
* \headsep=25.0pt
* \topskip=12.0pt
* \footskip=30.0pt
* \marginparwidth=35.0pt
* \marginparsep=10.0pt
* \columnsep=10.0pt
* \skip\footins=10.8pt plus 4.0pt minus 2.0pt
* \hoffset=0.0pt
* \voffset=0.0pt
* \mag=1000
* \@twocolumnfalse
* \@twosidefalse
* \@mparswitchfalse
* \@reversemarginfalse
* (1in=72.27pt=25.4mm, 1cm=28.453pt)

Package hyperref Info: Link coloring OFF on input line 80.
(main.out) (main.out)
\@outlinefile=\write3
\openout3 = `main.out'.

 [1

{C:/Users/baotr/AppData/Local/MiKTeX/fonts/map/pdftex/pdftex.map}]

Package hyperref Warning: Token not allowed in a PDF string (Unicode):
(hyperref)                removing `\<let>-command' on input line 94.


Package hyperref Warning: Token not allowed in a PDF string (Unicode):
(hyperref)                removing `\\' on input line 94.


Package hyperref Warning: Token not allowed in a PDF string (Unicode):
(hyperref)                removing `\@centercr' on input line 94.


Package hyperref Warning: Token not allowed in a PDF string (Unicode):
(hyperref)                removing `\rightskip' on input line 94.


Package hyperref Warning: Token not allowed in a PDF string (Unicode):
(hyperref)                removing `\@flushglue' on input line 94.


Package hyperref Warning: Token not allowed in a PDF string (Unicode):
(hyperref)                removing `\leftskip' on input line 94.


Package hyperref Warning: Token not allowed in a PDF string (Unicode):
(hyperref)                removing `\@flushglue' on input line 94.


Package hyperref Warning: Token not allowed in a PDF string (Unicode):
(hyperref)                removing `\finalhyphendemerits' on input line 94.


Package hyperref Warning: Token not allowed in a PDF string (Unicode):
(hyperref)                removing `\z@' on input line 94.


Package hyperref Warning: Token not allowed in a PDF string (Unicode):
(hyperref)                removing `\parindent' on input line 94.


Package hyperref Warning: Token not allowed in a PDF string (Unicode):
(hyperref)                removing `\z@' on input line 94.


Package hyperref Warning: Token not allowed in a PDF string (Unicode):
(hyperref)                removing `\parfillskip' on input line 94.


Package hyperref Warning: Token not allowed in a PDF string (Unicode):
(hyperref)                removing `\z@skip' on input line 94.

LaTeX Font Info:    Trying to load font information for T5+cmtt on input line 1
05.
(C:\Program Files\MiKTeX\tex/latex/vntex\t5cmtt.fd
File: t5cmtt.fd 1999/05/25 v2.5h Standard LaTeX font definitions
)
LaTeX Font Info:    External font `cmex10' loaded for size
(Font)              <12> on input line 105.
LaTeX Font Info:    External font `cmex10' loaded for size
(Font)              <8> on input line 105.
LaTeX Font Info:    External font `cmex10' loaded for size
(Font)              <6> on input line 105.
 [2

] [3]

Package hyperref Warning: Token not allowed in a PDF string (Unicode):
(hyperref)                removing `\<let>-command' on input line 221.


Package hyperref Warning: Token not allowed in a PDF string (Unicode):
(hyperref)                removing `\\' on input line 221.


Package hyperref Warning: Token not allowed in a PDF string (Unicode):
(hyperref)                removing `\@centercr' on input line 221.


Package hyperref Warning: Token not allowed in a PDF string (Unicode):
(hyperref)                removing `\rightskip' on input line 221.


Package hyperref Warning: Token not allowed in a PDF string (Unicode):
(hyperref)                removing `\@flushglue' on input line 221.


Package hyperref Warning: Token not allowed in a PDF string (Unicode):
(hyperref)                removing `\leftskip' on input line 221.


Package hyperref Warning: Token not allowed in a PDF string (Unicode):
(hyperref)                removing `\@flushglue' on input line 221.


Package hyperref Warning: Token not allowed in a PDF string (Unicode):
(hyperref)                removing `\finalhyphendemerits' on input line 221.


Package hyperref Warning: Token not allowed in a PDF string (Unicode):
(hyperref)                removing `\z@' on input line 221.


Package hyperref Warning: Token not allowed in a PDF string (Unicode):
(hyperref)                removing `\parindent' on input line 221.


Package hyperref Warning: Token not allowed in a PDF string (Unicode):
(hyperref)                removing `\z@' on input line 221.


Package hyperref Warning: Token not allowed in a PDF string (Unicode):
(hyperref)                removing `\parfillskip' on input line 221.


Package hyperref Warning: Token not allowed in a PDF string (Unicode):
(hyperref)                removing `\z@skip' on input line 221.


pdfTeX warning (ext4): destination with the same identifier (name{section.1}) h
as been already used, duplicate ignored
<to be read again> 
                   \relax 
l.227 	\section{Overview}
                         
pdfTeX warning (ext4): destination with the same identifier (name{subsection.1.
1}) has been already used, duplicate ignored
<to be read again> 
                   \relax 
l.228 	\subsection{Scope and estimation}
                                        
Overfull \hbox (27.8644pt too wide) in alignment at lines 230--235
 [] [] [] [] 
 []


Overfull \hbox (27.8644pt too wide) in alignment at lines 235--241
 [] [] [] [] 
 []


Underfull \hbox (badness 10000) in paragraph at lines 252--252
[]|\T5/cmr/m/n/12 Set up de-vel-op-ment en-vi-ron-ment (GitHub,
 []


Overfull \hbox (27.8644pt too wide) in alignment at lines 241--322
 [] [] [] [] 
 []

[4

]
pdfTeX warning (ext4): destination with the same identifier (name{subsection.1.
2}) has been already used, duplicate ignored
<to be read again> 
                   \relax 
l.323 	\subsection{Project Objective}
                                     
Overfull \hbox (9.70479pt too wide) in paragraph at lines 336--336
[]|\T5/cmr/bx/n/12 Possibility| 
 []


Overfull \hbox (9.70479pt too wide) in paragraph at lines 346--346
[]|\T5/cmr/bx/n/12 Possibility| 
 []


Underfull \hbox (badness 1184) in paragraph at lines 352--352
[]|\T5/cmr/m/n/12 External aca-demic
 []


Underfull \hbox (badness 10000) in paragraph at lines 352--352
\T5/cmr/m/n/12 APIs (Se-man-tic
 []


Underfull \hbox (badness 10000) in paragraph at lines 352--352
\T5/cmr/m/n/12 Scholar, Ope-
 []


Underfull \hbox (badness 10000) in paragraph at lines 352--352
\T5/cmr/m/n/12 nAlex, Cross-ref)
 []


Underfull \hbox (badness 10000) in paragraph at lines 352--352
\T5/cmr/m/n/12 or change their
 []


Underfull \hbox (badness 1881) in paragraph at lines 353--353
[]|\T5/cmr/m/n/12 The sys-tem can-not
 []


Underfull \hbox (badness 7522) in paragraph at lines 353--353
\T5/cmr/m/n/12 re-trieve pub-li-ca-tion
 []


Underfull \hbox (badness 1845) in paragraph at lines 353--353
\T5/cmr/m/n/12 plete search re-sults
 []


Underfull \hbox (badness 10000) in paragraph at lines 355--356
\T5/cmr/m/n/12 mech-a-nisms, mon-i-tor
 []


Underfull \hbox (badness 10000) in paragraph at lines 355--356
\T5/cmr/m/n/12 API sta-tus reg-u-larly,
 []


Underfull \hbox (badness 10000) in paragraph at lines 355--356
\T5/cmr/m/n/12 and cache pre-vi-ously
 []


Underfull \hbox (badness 3039) in paragraph at lines 359--359
[]|\T5/cmr/m/n/12 Large vol-umes of
 []


Underfull \hbox (badness 10000) in paragraph at lines 359--359
\T5/cmr/m/n/12 pub-li-ca-tion data
 []


Underfull \hbox (badness 10000) in paragraph at lines 360--360
[]|\T5/cmr/m/n/12 Users ex-pe-ri-ence
 []


Underfull \hbox (badness 1033) in paragraph at lines 360--360
\T5/cmr/m/n/12 li-ca-tions or view-ing
 []


Underfull \hbox (badness 10000) in paragraph at lines 362--363
[]|\T5/cmr/m/n/12 Optimize database
 []


Underfull \hbox (badness 10000) in paragraph at lines 362--363
\T5/cmr/m/n/12 in-dex-ing, im-ple-ment
 []


Underfull \hbox (badness 10000) in paragraph at lines 362--363
\T5/cmr/m/n/12 pag-i-na-tion, caching,
 []


Underfull \hbox (badness 6625) in paragraph at lines 366--366
\T5/cmr/m/n/12 i-ties ex-pose user
 []


Underfull \hbox (badness 10000) in paragraph at lines 367--367
\T5/cmr/m/n/12 data leak-age, and
 []


Underfull \hbox (badness 10000) in paragraph at lines 369--370
[]|\T5/cmr/m/n/12 Use JWT au-then-ti-ca-
 []


Underfull \hbox (badness 1968) in paragraph at lines 369--370
\T5/cmr/m/n/12 tion, RBAC au-tho-riza-
 []


Underfull \hbox (badness 10000) in paragraph at lines 369--370
\T5/cmr/m/n/12 HTTPS, and reg-u-lar
 []


Underfull \hbox (badness 2073) in paragraph at lines 373--373
\T5/cmr/m/n/12 cu-rate be-cause of
 []


Underfull \hbox (badness 10000) in paragraph at lines 374--374
[]|\T5/cmr/m/n/12 Generated re-ports
 []


Underfull \hbox (badness 5175) in paragraph at lines 374--374
\T5/cmr/m/n/12 and statis-tics may
 []


Underfull \hbox (badness 10000) in paragraph at lines 374--374
\T5/cmr/m/n/12 mis-lead users' re-
 []


Underfull \hbox (badness 6542) in paragraph at lines 380--380
\T5/cmr/m/n/12 be-tween fron-tend,
 []


Underfull \hbox (badness 10000) in paragraph at lines 380--380
\T5/cmr/m/n/12 back-end, and
 []


Underfull \hbox (badness 10000) in paragraph at lines 380--380
\T5/cmr/m/n/12 database en-coun-
 []


Underfull \hbox (badness 10000) in paragraph at lines 380--380
\T5/cmr/m/n/12 ters com-pat-i-bil-ity
 []


Underfull \hbox (badness 3000) in paragraph at lines 381--381
[]|\T5/cmr/m/n/12 Development de-lays
 []


Underfull \hbox (badness 1917) in paragraph at lines 381--381
\T5/cmr/m/n/12 tem fail-ures dur-ing
 []


Underfull \hbox (badness 10000) in paragraph at lines 383--384
[]|\T5/cmr/m/n/12 Perform in-te-gra-tion
 []


Underfull \hbox (badness 10000) in paragraph at lines 383--384
\T5/cmr/m/n/12 test-ing con-tin-u-ously
 []


Underfull \hbox (badness 10000) in paragraph at lines 383--384
\T5/cmr/m/n/12 and main-tain ver-sion
 []


Underfull \hbox (badness 1960) in paragraph at lines 387--387
\T5/cmr/m/n/12 be-fore de-ploy-ment
 []


Underfull \hbox (badness 2269) in paragraph at lines 387--387
\T5/cmr/m/n/12 leaves crit-i-cal de-
 []


Underfull \hbox (badness 1521) in paragraph at lines 388--388
[]|\T5/cmr/m/n/12 System crashes, in-
 []


Underfull \hbox (badness 10000) in paragraph at lines 390--391
[]|\T5/cmr/m/n/12 Prepare com-pre-hen-sive
 []


Underfull \hbox (badness 10000) in paragraph at lines 390--391
\T5/cmr/m/n/12 con-duct func-tional,
 []


Underfull \hbox (badness 10000) in paragraph at lines 390--391
\T5/cmr/m/n/12 in-te-gra-tion, and user
 []


Underfull \hbox (badness 10000) in paragraph at lines 394--394
[]|\T5/cmr/m/n/12 Project sched-ule
 []


Underfull \hbox (badness 10000) in paragraph at lines 394--394
\T5/cmr/m/n/12 de-lays due to
 []


Underfull \hbox (badness 10000) in paragraph at lines 394--394
\T5/cmr/m/n/12 un-der-es-ti-mated
 []


Underfull \hbox (badness 10000) in paragraph at lines 394--394
\T5/cmr/m/n/12 im-ple-men-ta-tion
 []


Underfull \hbox (badness 1117) in paragraph at lines 395--395
[]|\T5/cmr/m/n/12 Failure to com-plete
 []


Underfull \hbox (badness 5756) in paragraph at lines 395--395
\T5/cmr/m/n/12 the project within
 []

[5]
pdfTeX warning (ext4): destination with the same identifier (name{section.2}) h
as been already used, duplicate ignored
<to be read again> 
                   \relax 
l.401 	\section{Project Deliverables}
                                     
Overfull \hbox (130.56303pt too wide) in paragraph at lines 408--454
[] 
 []


Package array Warning: Column L is already defined on input line 456.


Package array Warning: Column C is already defined on input line 457.

[6]
Overfull \hbox (69.7582pt too wide) in paragraph at lines 469--508
[][]
 []


Underfull \hbox (badness 10000) in paragraph at lines 469--508

 []

[7]
Overfull \hbox (7.80649pt too wide) in paragraph at lines 518--518
[]|\T5/cmr/bx/n/12 Communication 
 []


Overfull \hbox (38.04977pt too wide) in paragraph at lines 515--557
[] 
 []

[8]

Package array Warning: Column L is already defined on input line 571.

[9]

Package hyperref Warning: Token not allowed in a PDF string (Unicode):
(hyperref)                removing `\<let>-command' on input line 613.


Package hyperref Warning: Token not allowed in a PDF string (Unicode):
(hyperref)                removing `\\' on input line 613.


Package hyperref Warning: Token not allowed in a PDF string (Unicode):
(hyperref)                removing `\@centercr' on input line 613.


Package hyperref Warning: Token not allowed in a PDF string (Unicode):
(hyperref)                removing `\rightskip' on input line 613.


Package hyperref Warning: Token not allowed in a PDF string (Unicode):
(hyperref)                removing `\@flushglue' on input line 613.


Package hyperref Warning: Token not allowed in a PDF string (Unicode):
(hyperref)                removing `\leftskip' on input line 613.


Package hyperref Warning: Token not allowed in a PDF string (Unicode):
(hyperref)                removing `\@flushglue' on input line 613.


Package hyperref Warning: Token not allowed in a PDF string (Unicode):
(hyperref)                removing `\finalhyphendemerits' on input line 613.


Package hyperref Warning: Token not allowed in a PDF string (Unicode):
(hyperref)                removing `\z@' on input line 613.


Package hyperref Warning: Token not allowed in a PDF string (Unicode):
(hyperref)                removing `\parindent' on input line 613.


Package hyperref Warning: Token not allowed in a PDF string (Unicode):
(hyperref)                removing `\z@' on input line 613.


Package hyperref Warning: Token not allowed in a PDF string (Unicode):
(hyperref)                removing `\parfillskip' on input line 613.


Package hyperref Warning: Token not allowed in a PDF string (Unicode):
(hyperref)                removing `\z@skip' on input line 613.


pdfTeX warning (ext4): destination with the same identifier (name{section.1}) h
as been already used, duplicate ignored
<to be read again> 
                   \relax 
l.619 \section{Product Overview}
                                

LaTeX Warning: File `Context_Diagram.png' not found on input line 630.


! Package pdftex.def Error: File `Context_Diagram.png' not found: using draft s
etting.

See the pdftex.def package documentation for explanation.
Type  H <return>  for immediate help.
 ...                                              
                                                  
l.630 ...idth=0.95\textwidth]{Context_Diagram.png}
                                                  
Try typing  <return>  to proceed.
If that doesn't work, type  X <return>  to quit.

[10

]
pdfTeX warning (ext4): destination with the same identifier (name{section.2}) h
as been already used, duplicate ignored
<to be read again> 
                   \relax 
l.635 \section{User Requirements}
                                 
pdfTeX warning (ext4): destination with the same identifier (name{subsection.2.
1}) has been already used, duplicate ignored
<to be read again> 
                   \relax 
l.637 \subsection{Actors}
                         
Underfull \hbox (badness 10000) in paragraph at lines 659--659
[]|\T5/cmr/m/n/12 Publication Trend
 []

[11] [12]
pdfTeX warning (ext4): destination with the same identifier (name{subsection.2.
2}) has been already used, duplicate ignored
<to be read again> 
                   \relax 
l.672 \subsection{Use Case Diagrams}
                                    
pdfTeX warning (ext4): destination with the same identifier (name{subsubsection
.2.2.1}) has been already used, duplicate ignored
<to be read again> 
                   \relax 
l.673 \subsubsection{Diagram}
                             

LaTeX Warning: File `ucd.png' not found on input line 676.


! Package pdftex.def Error: File `ucd.png' not found: using draft setting.

See the pdftex.def package documentation for explanation.
Type  H <return>  for immediate help.
 ...                                              
                                                  
l.676 	\includegraphics[width=\textwidth]{ucd.png}
                                                  
Try typing  <return>  to proceed.
If that doesn't work, type  X <return>  to quit.


pdfTeX warning (ext4): destination with the same identifier (name{subsubsection
.2.2.2}) has been already used, duplicate ignored
<to be read again> 
                   \relax 
l.681 \subsubsection{Use Case Descriptions}
                                           
Overfull \hbox (16.41492pt too wide) in paragraph at lines 759--759
[]|\T5/cmr/m/n/10.95 Administrator|  
 []


Overfull \hbox (16.41492pt too wide) in paragraph at lines 767--767
[]|\T5/cmr/m/n/10.95 Administrator|  
 []


Overfull \hbox (16.41492pt too wide) in paragraph at lines 775--775
[]|\T5/cmr/m/n/10.95 Administrator|  
 []


Overfull \hbox (16.41492pt too wide) in paragraph at lines 783--783
[]|\T5/cmr/m/n/10.95 Administrator|  
 []

[13

] [14]
pdfTeX warning (ext4): destination with the same identifier (name{section.3}) h
as been already used, duplicate ignored
<to be read again> 
                   \relax 
l.790 \section{Functional Requirement}
                                      

LaTeX Warning: File `res.jpg' not found on input line 797.


! Package pdftex.def Error: File `res.jpg' not found: using draft setting.

See the pdftex.def package documentation for explanation.
Type  H <return>  for immediate help.
 ...                                              
                                                  
l.797 	\includegraphics[width=\textwidth]{res.jpg}
                                                  
Try typing  <return>  to proceed.
If that doesn't work, type  X <return>  to quit.


LaTeX Warning: File `admin.png' not found on input line 803.


! Package pdftex.def Error: File `admin.png' not found: using draft setting.

See the pdftex.def package documentation for explanation.
Type  H <return>  for immediate help.
 ...                                              
                                                  
l.803 ...ludegraphics[width=\textwidth]{admin.png}
                                                  
Try typing  <return>  to proceed.
If that doesn't work, type  X <return>  to quit.

[15] [16] [17] [18] [19]

Package array Warning: Column L is already defined on input line 911.


Package array Warning: Column C is already defined on input line 912.


Package array Warning: Column L is already defined on input line 919.


Package array Warning: Column C is already defined on input line 920.


Overfull \hbox (5.40158pt too wide) in paragraph at lines 924--924
 []|[]\T5/cmr/bx/n/10.95 Lecturer/Student[]| 
 []


Overfull \hbox (21.82341pt too wide) in alignment at lines 922--926
 [] [] [] [] 
 []


Overfull \hbox (5.40158pt too wide) in paragraph at lines 929--929
 []|[]\T5/cmr/bx/n/10.95 Lecturer/Student[]| 
 []


Overfull \hbox (21.82341pt too wide) in alignment at lines 926--931
 [] [] [] [] 
 []


Overfull \hbox (21.82341pt too wide) in alignment at lines 931--934
 [] [] [] [] 
 []


Overfull \hbox (21.82341pt too wide) in alignment at lines 934--957
 [] [] [] [] 
 []

[20]

Package array Warning: Column L is already defined on input line 961.


Package array Warning: Column C is already defined on input line 962.


LaTeX Warning: File `erd.png' not found on input line 991.


! Package pdftex.def Error: File `erd.png' not found: using draft setting.

See the pdftex.def package documentation for explanation.
Type  H <return>  for immediate help.
 ...                                              
                                                  
l.991 	\includegraphics[width=\textwidth]{erd.png}
                                                  
Try typing  <return>  to proceed.
If that doesn't work, type  X <return>  to quit.

[21] [22]

LaTeX Warning: File `gđk.jpg' not found on input line 1015.


! Package pdftex.def Error: File `gđk.jpg' not found: using draft setting.

See the pdftex.def package documentation for explanation.
Type  H <return>  for immediate help.
 ...                                              
                                                  
l.1015 ...ludegraphics[width=\textwidth]{gđk.jpg}
                                                  
Try typing  <return>  to proceed.
If that doesn't work, type  X <return>  to quit.


LaTeX Warning: File `dkl.jpg' not found on input line 1024.


! Package pdftex.def Error: File `dkl.jpg' not found: using draft setting.

See the pdftex.def package documentation for explanation.
Type  H <return>  for immediate help.
 ...                                              
                                                  
l.1024 ...cludegraphics[width=\textwidth]{dkl.jpg}
                                                  
Try typing  <return>  to proceed.
If that doesn't work, type  X <return>  to quit.

[23]

LaTeX Warning: File `tentontai.png' not found on input line 1034.


! Package pdftex.def Error: File `tentontai.png' not found: using draft setting
.

See the pdftex.def package documentation for explanation.
Type  H <return>  for immediate help.
 ...                                              
                                                  
l.1034 ...raphics[width=\textwidth]{tentontai.png}
                                                  
Try typing  <return>  to proceed.
If that doesn't work, type  X <return>  to quit.

[24]

LaTeX Warning: File `matkhaukhac.png' not found on input line 1044.


! Package pdftex.def Error: File `matkhaukhac.png' not found: using draft setti
ng.

See the pdftex.def package documentation for explanation.
Type  H <return>  for immediate help.
 ...                                              
                                                  
l.1044 ...phics[width=\textwidth]{matkhaukhac.png}
                                                  
Try typing  <return>  to proceed.
If that doesn't work, type  X <return>  to quit.

[25]

LaTeX Warning: File `dk.jpg' not found on input line 1054.


! Package pdftex.def Error: File `dk.jpg' not found: using draft setting.

See the pdftex.def package documentation for explanation.
Type  H <return>  for immediate help.
 ...                                              
                                                  
l.1054 	\includegraphics[width=\textwidth]{dk.jpg}
                                                  
Try typing  <return>  to proceed.
If that doesn't work, type  X <return>  to quit.

[26]

LaTeX Warning: File `dk.jpg' not found on input line 1080.


! Package pdftex.def Error: File `dk.jpg' not found: using draft setting.

See the pdftex.def package documentation for explanation.
Type  H <return>  for immediate help.
 ...                                              
                                                  
l.1080 \includegraphics[width=\textwidth]{dk.jpg}
                                                 
Try typing  <return>  to proceed.
If that doesn't work, type  X <return>  to quit.

[27]

LaTeX Warning: File `dnl.jpg' not found on input line 1089.


! Package pdftex.def Error: File `dnl.jpg' not found: using draft setting.

See the pdftex.def package documentation for explanation.
Type  H <return>  for immediate help.
 ...                                              
                                                  
l.1089 ...cludegraphics[width=\textwidth]{dnl.jpg}
                                                  
Try typing  <return>  to proceed.
If that doesn't work, type  X <return>  to quit.

[28]

LaTeX Warning: File `gdc.jpg' not found on input line 1098.


! Package pdftex.def Error: File `gdc.jpg' not found: using draft setting.

See the pdftex.def package documentation for explanation.
Type  H <return>  for immediate help.
 ...                                              
                                                  
l.1098 ...cludegraphics[width=\textwidth]{gdc.jpg}
                                                  
Try typing  <return>  to proceed.
If that doesn't work, type  X <return>  to quit.

[29]

LaTeX Warning: File `prof.jpg' not found on input line 1121.


! Package pdftex.def Error: File `prof.jpg' not found: using draft setting.

See the pdftex.def package documentation for explanation.
Type  H <return>  for immediate help.
 ...                                              
                                                  
l.1121 ...ludegraphics[width=\textwidth]{prof.jpg}
                                                  
Try typing  <return>  to proceed.
If that doesn't work, type  X <return>  to quit.

[30]

LaTeX Warning: File `editprof.jpg' not found on input line 1130.


! Package pdftex.def Error: File `editprof.jpg' not found: using draft setting.


See the pdftex.def package documentation for explanation.
Type  H <return>  for immediate help.
 ...                                              
                                                  
l.1130 ...graphics[width=\textwidth]{editprof.jpg}
                                                  
Try typing  <return>  to proceed.
If that doesn't work, type  X <return>  to quit.

[31]

LaTeX Warning: File `tencstontai.png' not found on input line 1139.


! Package pdftex.def Error: File `tencstontai.png' not found: using draft setti
ng.

See the pdftex.def package documentation for explanation.
Type  H <return>  for immediate help.
 ...                                              
                                                  
l.1139 ...phics[width=\textwidth]{tencstontai.png}
                                                  
Try typing  <return>  to proceed.
If that doesn't work, type  X <return>  to quit.

[32]

LaTeX Warning: File `emailkhonghople.png' not found on input line 1148.


! Package pdftex.def Error: File `emailkhonghople.png' not found: using draft s
etting.

See the pdftex.def package documentation for explanation.
Type  H <return>  for immediate help.
 ...                                              
                                                  
l.1148 ...s[width=\textwidth]{emailkhonghople.png}
                                                  
Try typing  <return>  to proceed.
If that doesn't work, type  X <return>  to quit.

[33]

LaTeX Warning: File `chinhsuathanhcong.png' not found on input line 1157.


! Package pdftex.def Error: File `chinhsuathanhcong.png' not found: using draft
 setting.

See the pdftex.def package documentation for explanation.
Type  H <return>  for immediate help.
 ...                                              
                                                  
l.1157 ...width=\textwidth]{chinhsuathanhcong.png}
                                                  
Try typing  <return>  to proceed.
If that doesn't work, type  X <return>  to quit.

[34]

LaTeX Warning: File `logout.jpg' not found on input line 1178.


! Package pdftex.def Error: File `logout.jpg' not found: using draft setting.

See the pdftex.def package documentation for explanation.
Type  H <return>  for immediate help.
 ...                                              
                                                  
l.1178 ...degraphics[width=\textwidth]{logout.jpg}
                                                  
Try typing  <return>  to proceed.
If that doesn't work, type  X <return>  to quit.

[35]

LaTeX Warning: File `trangdangnhap.png' not found on input line 1187.


! Package pdftex.def Error: File `trangdangnhap.png' not found: using draft set
ting.

See the pdftex.def package documentation for explanation.
Type  H <return>  for immediate help.
 ...                                              
                                                  
l.1187 ...ics[width=\textwidth]{trangdangnhap.png}
                                                  
Try typing  <return>  to proceed.
If that doesn't work, type  X <return>  to quit.

[36] [37]

LaTeX Warning: File `trangtimkiem.png' not found on input line 1220.


! Package pdftex.def Error: File `trangtimkiem.png' not found: using draft sett
ing.

See the pdftex.def package documentation for explanation.
Type  H <return>  for immediate help.
 ...                                              
                                                  
l.1220 ...hics[width=\textwidth]{trangtimkiem.png}
                                                  
Try typing  <return>  to proceed.
If that doesn't work, type  X <return>  to quit.


LaTeX Warning: File `nambatdaulon.png' not found on input line 1229.


! Package pdftex.def Error: File `nambatdaulon.png' not found: using draft sett
ing.

See the pdftex.def package documentation for explanation.
Type  H <return>  for immediate help.
 ...                                              
                                                  
l.1229 ...hics[width=\textwidth]{nambatdaulon.png}
                                                  
Try typing  <return>  to proceed.
If that doesn't work, type  X <return>  to quit.

[38]

LaTeX Warning: File `ketquatimkiem.png' not found on input line 1240.


! Package pdftex.def Error: File `ketquatimkiem.png' not found: using draft set
ting.

See the pdftex.def package documentation for explanation.
Type  H <return>  for immediate help.
 ...                                              
                                                  
l.1240 ...ics[width=\textwidth]{ketquatimkiem.png}
                                                  
Try typing  <return>  to proceed.
If that doesn't work, type  X <return>  to quit.

[39] [40]

LaTeX Warning: File `luuyeuthich.png' not found on input line 1277.


! Package pdftex.def Error: File `luuyeuthich.png' not found: using draft setti
ng.

See the pdftex.def package documentation for explanation.
Type  H <return>  for immediate help.
 ...                                              
                                                  
l.1277 ...phics[width=\textwidth]{luuyeuthich.png}
                                                  
Try typing  <return>  to proceed.
If that doesn't work, type  X <return>  to quit.

[41]

LaTeX Warning: File `dayeuthich.png' not found on input line 1286.


! Package pdftex.def Error: File `dayeuthich.png' not found: using draft settin
g.

See the pdftex.def package documentation for explanation.
Type  H <return>  for immediate help.
 ...                                              
                                                  
l.1286 ...aphics[width=\textwidth]{dayeuthich.png}
                                                  
Try typing  <return>  to proceed.
If that doesn't work, type  X <return>  to quit.

[42]

LaTeX Warning: File `trangyeuthich.png' not found on input line 1295.


! Package pdftex.def Error: File `trangyeuthich.png' not found: using draft set
ting.

See the pdftex.def package documentation for explanation.
Type  H <return>  for immediate help.
 ...                                              
                                                  
l.1295 ...ics[width=\textwidth]{trangyeuthich.png}
                                                  
Try typing  <return>  to proceed.
If that doesn't work, type  X <return>  to quit.

[43]

LaTeX Warning: File `xoa.png' not found on input line 1304.


! Package pdftex.def Error: File `xoa.png' not found: using draft setting.

See the pdftex.def package documentation for explanation.
Type  H <return>  for immediate help.
 ...                                              
                                                  
l.1304 ...cludegraphics[width=\textwidth]{xoa.png}
                                                  
Try typing  <return>  to proceed.
If that doesn't work, type  X <return>  to quit.

[44]

LaTeX Warning: File `lienket.png' not found on input line 1313.


! Package pdftex.def Error: File `lienket.png' not found: using draft setting.

See the pdftex.def package documentation for explanation.
Type  H <return>  for immediate help.
 ...                                              
                                                  
l.1313 ...egraphics[width=\textwidth]{lienket.png}
                                                  
Try typing  <return>  to proceed.
If that doesn't work, type  X <return>  to quit.

[45] [46]

LaTeX Warning: File `ptxh.png' not found on input line 1385.


! Package pdftex.def Error: File `ptxh.png' not found: using draft setting.

See the pdftex.def package documentation for explanation.
Type  H <return>  for immediate help.
 ...                                              
                                                  
l.1385 ...ludegraphics[width=\textwidth]{ptxh.png}
                                                  
Try typing  <return>  to proceed.
If that doesn't work, type  X <return>  to quit.

[47]

LaTeX Warning: File `thieu.png' not found on input line 1395.


! Package pdftex.def Error: File `thieu.png' not found: using draft setting.

See the pdftex.def package documentation for explanation.
Type  H <return>  for immediate help.
 ...                                              
                                                  
l.1395 ...udegraphics[width=\textwidth]{thieu.png}
                                                  
Try typing  <return>  to proceed.
If that doesn't work, type  X <return>  to quit.

[48]

LaTeX Warning: File `batdaulonhon.png' not found on input line 1405.


! Package pdftex.def Error: File `batdaulonhon.png' not found: using draft sett
ing.

See the pdftex.def package documentation for explanation.
Type  H <return>  for immediate help.
 ...                                              
                                                  
l.1405 ...hics[width=\textwidth]{batdaulonhon.png}
                                                  
Try typing  <return>  to proceed.
If that doesn't work, type  X <return>  to quit.

[49]

LaTeX Warning: File `ketquaphantich1.png' not found on input line 1414.


! Package pdftex.def Error: File `ketquaphantich1.png' not found: using draft s
etting.

See the pdftex.def package documentation for explanation.
Type  H <return>  for immediate help.
 ...                                              
                                                  
l.1414 ...s[width=\textwidth]{ketquaphantich1.png}
                                                  
Try typing  <return>  to proceed.
If that doesn't work, type  X <return>  to quit.


LaTeX Warning: File `ketquaphantich2.png' not found on input line 1420.


! Package pdftex.def Error: File `ketquaphantich2.png' not found: using draft s
etting.

See the pdftex.def package documentation for explanation.
Type  H <return>  for immediate help.
 ...                                              
                                                  
l.1420 ...s[width=\textwidth]{ketquaphantich2.png}
                                                  
Try typing  <return>  to proceed.
If that doesn't work, type  X <return>  to quit.

[50] [51]
Overfull \hbox (10.43666pt too wide) in paragraph at lines 1450--1451
[]\T5/cmr/m/n/10.95 Collect cur-rent re-sults: statis-tics, charts, Trend-ing T
op-ics, Top Jour-nals/Authors/Keywords,
 []

[52]

LaTeX Warning: File `tbc.jpg' not found on input line 1481.


! Package pdftex.def Error: File `tbc.jpg' not found: using draft setting.

See the pdftex.def package documentation for explanation.
Type  H <return>  for immediate help.
 ...                                              
                                                  
l.1481 ...cludegraphics[width=\textwidth]{tbc.jpg}
                                                  
Try typing  <return>  to proceed.
If that doesn't work, type  X <return>  to quit.

[53]

LaTeX Warning: File `xuatbaocao.png' not found on input line 1490.


! Package pdftex.def Error: File `xuatbaocao.png' not found: using draft settin
g.

See the pdftex.def package documentation for explanation.
Type  H <return>  for immediate help.
 ...                                              
                                                  
l.1490 ...aphics[width=\textwidth]{xuatbaocao.png}
                                                  
Try typing  <return>  to proceed.
If that doesn't work, type  X <return>  to quit.

[54] [55]

LaTeX Warning: File `theodoi.png' not found on input line 1527.


! Package pdftex.def Error: File `theodoi.png' not found: using draft setting.

See the pdftex.def package documentation for explanation.
Type  H <return>  for immediate help.
 ...                                              
                                                  
l.1527 ...egraphics[width=\textwidth]{theodoi.png}
                                                  
Try typing  <return>  to proceed.
If that doesn't work, type  X <return>  to quit.


LaTeX Warning: File `dstheodoi.png' not found on input line 1536.


! Package pdftex.def Error: File `dstheodoi.png' not found: using draft setting
.

See the pdftex.def package documentation for explanation.
Type  H <return>  for immediate help.
 ...                                              
                                                  
l.1536 ...raphics[width=\textwidth]{dstheodoi.png}
                                                  
Try typing  <return>  to proceed.
If that doesn't work, type  X <return>  to quit.

[56]

LaTeX Warning: File `huytheodoi.png' not found on input line 1545.


! Package pdftex.def Error: File `huytheodoi.png' not found: using draft settin
g.

See the pdftex.def package documentation for explanation.
Type  H <return>  for immediate help.
 ...                                              
                                                  
l.1545 ...aphics[width=\textwidth]{huytheodoi.png}
                                                  
Try typing  <return>  to proceed.
If that doesn't work, type  X <return>  to quit.

[57] [58]

LaTeX Warning: File `nhanthongbao.png' not found on input line 1578.


! Package pdftex.def Error: File `nhanthongbao.png' not found: using draft sett
ing.

See the pdftex.def package documentation for explanation.
Type  H <return>  for immediate help.
 ...                                              
                                                  
l.1578 ...hics[width=\textwidth]{nhanthongbao.png}
                                                  
Try typing  <return>  to proceed.
If that doesn't work, type  X <return>  to quit.


LaTeX Warning: File `dadoc.png' not found on input line 1587.


! Package pdftex.def Error: File `dadoc.png' not found: using draft setting.

See the pdftex.def package documentation for explanation.
Type  H <return>  for immediate help.
 ...                                              
                                                  
l.1587 ...udegraphics[width=\textwidth]{dadoc.png}
                                                  
Try typing  <return>  to proceed.
If that doesn't work, type  X <return>  to quit.

[59]

LaTeX Warning: File `ad1.png' not found on input line 1610.


! Package pdftex.def Error: File `ad1.png' not found: using draft setting.

See the pdftex.def package documentation for explanation.
Type  H <return>  for immediate help.
 ...                                              
                                                  
l.1610 ...cludegraphics[width=\textwidth]{ad1.png}
                                                  
Try typing  <return>  to proceed.
If that doesn't work, type  X <return>  to quit.

[60]

LaTeX Warning: File `ad2.png' not found on input line 1619.


! Package pdftex.def Error: File `ad2.png' not found: using draft setting.

See the pdftex.def package documentation for explanation.
Type  H <return>  for immediate help.
 ...                                              
                                                  
l.1619 ...cludegraphics[width=\textwidth]{ad2.png}
                                                  
Try typing  <return>  to proceed.
If that doesn't work, type  X <return>  to quit.

[61]

LaTeX Warning: File `ad3.png' not found on input line 1628.


! Package pdftex.def Error: File `ad3.png' not found: using draft setting.

See the pdftex.def package documentation for explanation.
Type  H <return>  for immediate help.
 ...                                              
                                                  
l.1628 ...cludegraphics[width=\textwidth]{ad3.png}
                                                  
Try typing  <return>  to proceed.
If that doesn't work, type  X <return>  to quit.

[62]

LaTeX Warning: File `ad4.png' not found on input line 1637.


! Package pdftex.def Error: File `ad4.png' not found: using draft setting.

See the pdftex.def package documentation for explanation.
Type  H <return>  for immediate help.
 ...                                              
                                                  
l.1637 ...cludegraphics[width=\textwidth]{ad4.png}
                                                  
Try typing  <return>  to proceed.
If that doesn't work, type  X <return>  to quit.

[63]

LaTeX Warning: File `ad5.png' not found on input line 1658.


! Package pdftex.def Error: File `ad5.png' not found: using draft setting.

See the pdftex.def package documentation for explanation.
Type  H <return>  for immediate help.
 ...                                              
                                                  
l.1658 ...cludegraphics[width=\textwidth]{ad5.png}
                                                  
Try typing  <return>  to proceed.
If that doesn't work, type  X <return>  to quit.

[64]

LaTeX Warning: File `ad6.png' not found on input line 1667.


! Package pdftex.def Error: File `ad6.png' not found: using draft setting.

See the pdftex.def package documentation for explanation.
Type  H <return>  for immediate help.
 ...                                              
                                                  
l.1667 ...cludegraphics[width=\textwidth]{ad6.png}
                                                  
Try typing  <return>  to proceed.
If that doesn't work, type  X <return>  to quit.

[65]

LaTeX Warning: File `ad7.png' not found on input line 1676.


! Package pdftex.def Error: File `ad7.png' not found: using draft setting.

See the pdftex.def package documentation for explanation.
Type  H <return>  for immediate help.
 ...                                              
                                                  
l.1676 ...cludegraphics[width=\textwidth]{ad7.png}
                                                  
Try typing  <return>  to proceed.
If that doesn't work, type  X <return>  to quit.

[66]

LaTeX Warning: File `ad8.png' not found on input line 1685.


! Package pdftex.def Error: File `ad8.png' not found: using draft setting.

See the pdftex.def package documentation for explanation.
Type  H <return>  for immediate help.
 ...                                              
                                                  
l.1685 ...cludegraphics[width=\textwidth]{ad8.png}
                                                  
Try typing  <return>  to proceed.
If that doesn't work, type  X <return>  to quit.


LaTeX Warning: File `ad9.png' not found on input line 1691.


! Package pdftex.def Error: File `ad9.png' not found: using draft setting.

See the pdftex.def package documentation for explanation.
Type  H <return>  for immediate help.
 ...                                              
                                                  
l.1691 ...cludegraphics[width=\textwidth]{ad9.png}
                                                  
Try typing  <return>  to proceed.
If that doesn't work, type  X <return>  to quit.

[67]

LaTeX Warning: File `ad10.png' not found on input line 1697.


! Package pdftex.def Error: File `ad10.png' not found: using draft setting.

See the pdftex.def package documentation for explanation.
Type  H <return>  for immediate help.
 ...                                              
                                                  
l.1697 ...ludegraphics[width=\textwidth]{ad10.png}
                                                  
Try typing  <return>  to proceed.
If that doesn't work, type  X <return>  to quit.

[68] [69]

LaTeX Warning: File `ad11.png' not found on input line 1706.


! Package pdftex.def Error: File `ad11.png' not found: using draft setting.

See the pdftex.def package documentation for explanation.
Type  H <return>  for immediate help.
 ...                                              
                                                  
l.1706 ...ludegraphics[width=\textwidth]{ad11.png}
                                                  
Try typing  <return>  to proceed.
If that doesn't work, type  X <return>  to quit.

[70]

LaTeX Warning: File `ad12.png' not found on input line 1728.


! Package pdftex.def Error: File `ad12.png' not found: using draft setting.

See the pdftex.def package documentation for explanation.
Type  H <return>  for immediate help.
 ...                                              
                                                  
l.1728 ...ludegraphics[width=\textwidth]{ad12.png}
                                                  
Try typing  <return>  to proceed.
If that doesn't work, type  X <return>  to quit.

[71]

LaTeX Warning: File `ad13.png' not found on input line 1740.


! Package pdftex.def Error: File `ad13.png' not found: using draft setting.

See the pdftex.def package documentation for explanation.
Type  H <return>  for immediate help.
 ...                                              
                                                  
l.1740 ...ludegraphics[width=\textwidth]{ad13.png}
                                                  
Try typing  <return>  to proceed.
If that doesn't work, type  X <return>  to quit.

[72]

LaTeX Warning: File `ad14.png' not found on input line 1749.


! Package pdftex.def Error: File `ad14.png' not found: using draft setting.

See the pdftex.def package documentation for explanation.
Type  H <return>  for immediate help.
 ...                                              
                                                  
l.1749 ...ludegraphics[width=\textwidth]{ad14.png}
                                                  
Try typing  <return>  to proceed.
If that doesn't work, type  X <return>  to quit.

[73]

LaTeX Warning: File `ad15.png' not found on input line 1758.


! Package pdftex.def Error: File `ad15.png' not found: using draft setting.

See the pdftex.def package documentation for explanation.
Type  H <return>  for immediate help.
 ...                                              
                                                  
l.1758 ...ludegraphics[width=\textwidth]{ad15.png}
                                                  
Try typing  <return>  to proceed.
If that doesn't work, type  X <return>  to quit.

[74]

LaTeX Warning: File `ad16.png' not found on input line 1783.


! Package pdftex.def Error: File `ad16.png' not found: using draft setting.

See the pdftex.def package documentation for explanation.
Type  H <return>  for immediate help.
 ...                                              
                                                  
l.1783 ...ludegraphics[width=\textwidth]{ad16.png}
                                                  
Try typing  <return>  to proceed.
If that doesn't work, type  X <return>  to quit.

[75]

LaTeX Warning: File `ad17.png' not found on input line 1794.


! Package pdftex.def Error: File `ad17.png' not found: using draft setting.

See the pdftex.def package documentation for explanation.
Type  H <return>  for immediate help.
 ...                                              
                                                  
l.1794 ...ludegraphics[width=\textwidth]{ad17.png}
                                                  
Try typing  <return>  to proceed.
If that doesn't work, type  X <return>  to quit.

[76]

LaTeX Warning: File `ad17.png' not found on input line 1803.


! Package pdftex.def Error: File `ad17.png' not found: using draft setting.

See the pdftex.def package documentation for explanation.
Type  H <return>  for immediate help.
 ...                                              
                                                  
l.1803 ...ludegraphics[width=\textwidth]{ad17.png}
                                                  
Try typing  <return>  to proceed.
If that doesn't work, type  X <return>  to quit.

[77]

LaTeX Warning: File `ad18.png' not found on input line 1824.


! Package pdftex.def Error: File `ad18.png' not found: using draft setting.

See the pdftex.def package documentation for explanation.
Type  H <return>  for immediate help.
 ...                                              
                                                  
l.1824 ...ludegraphics[width=\textwidth]{ad18.png}
                                                  
Try typing  <return>  to proceed.
If that doesn't work, type  X <return>  to quit.


LaTeX Warning: File `ad19.png' not found on input line 1829.


! Package pdftex.def Error: File `ad19.png' not found: using draft setting.

See the pdftex.def package documentation for explanation.
Type  H <return>  for immediate help.
 ...                                              
                                                  
l.1829 ...ludegraphics[width=\textwidth]{ad19.png}
                                                  
Try typing  <return>  to proceed.
If that doesn't work, type  X <return>  to quit.

[78] [79]

LaTeX Warning: File `ad19.png' not found on input line 1837.


! Package pdftex.def Error: File `ad19.png' not found: using draft setting.

See the pdftex.def package documentation for explanation.
Type  H <return>  for immediate help.
 ...                                              
                                                  
l.1837 ...ludegraphics[width=\textwidth]{ad19.png}
                                                  
Try typing  <return>  to proceed.
If that doesn't work, type  X <return>  to quit.

[80]

LaTeX Warning: File `ad20.png' not found on input line 1846.


! Package pdftex.def Error: File `ad20.png' not found: using draft setting.

See the pdftex.def package documentation for explanation.
Type  H <return>  for immediate help.
 ...                                              
                                                  
l.1846 ...ludegraphics[width=\textwidth]{ad20.png}
                                                  
Try typing  <return>  to proceed.
If that doesn't work, type  X <return>  to quit.

[81]

LaTeX Warning: File `ad21.png' not found on input line 1855.


! Package pdftex.def Error: File `ad21.png' not found: using draft setting.

See the pdftex.def package documentation for explanation.
Type  H <return>  for immediate help.
 ...                                              
                                                  
l.1855 ...ludegraphics[width=\textwidth]{ad21.png}
                                                  
Try typing  <return>  to proceed.
If that doesn't work, type  X <return>  to quit.

[82]

LaTeX Warning: File `ad22.png' not found on input line 1864.


! Package pdftex.def Error: File `ad22.png' not found: using draft setting.

See the pdftex.def package documentation for explanation.
Type  H <return>  for immediate help.
 ...                                              
                                                  
l.1864 ...ludegraphics[width=\textwidth]{ad22.png}
                                                  
Try typing  <return>  to proceed.
If that doesn't work, type  X <return>  to quit.

[83]

LaTeX Warning: File `ad23.png' not found on input line 1885.


! Package pdftex.def Error: File `ad23.png' not found: using draft setting.

See the pdftex.def package documentation for explanation.
Type  H <return>  for immediate help.
 ...                                              
                                                  
l.1885 ...ludegraphics[width=\textwidth]{ad23.png}
                                                  
Try typing  <return>  to proceed.
If that doesn't work, type  X <return>  to quit.

[84]

LaTeX Warning: File `ad24.png' not found on input line 1895.


! Package pdftex.def Error: File `ad24.png' not found: using draft setting.

See the pdftex.def package documentation for explanation.
Type  H <return>  for immediate help.
 ...                                              
                                                  
l.1895 ...ludegraphics[width=\textwidth]{ad24.png}
                                                  
Try typing  <return>  to proceed.
If that doesn't work, type  X <return>  to quit.

[85]

LaTeX Warning: File `ad25.png' not found on input line 1904.


! Package pdftex.def Error: File `ad25.png' not found: using draft setting.

See the pdftex.def package documentation for explanation.
Type  H <return>  for immediate help.
 ...                                              
                                                  
l.1904 ...ludegraphics[width=\textwidth]{ad25.png}
                                                  
Try typing  <return>  to proceed.
If that doesn't work, type  X <return>  to quit.

[86]

LaTeX Warning: File `ad26.png' not found on input line 1913.


! Package pdftex.def Error: File `ad26.png' not found: using draft setting.

See the pdftex.def package documentation for explanation.
Type  H <return>  for immediate help.
 ...                                              
                                                  
l.1913 ...ludegraphics[width=\textwidth]{ad26.png}
                                                  
Try typing  <return>  to proceed.
If that doesn't work, type  X <return>  to quit.

[87] [88]

Package hyperref Warning: Token not allowed in a PDF string (Unicode):
(hyperref)                removing `\<let>-command' on input line 1919.


Package hyperref Warning: Token not allowed in a PDF string (Unicode):
(hyperref)                removing `\\' on input line 1919.


Package hyperref Warning: Token not allowed in a PDF string (Unicode):
(hyperref)                removing `\@centercr' on input line 1919.


Package hyperref Warning: Token not allowed in a PDF string (Unicode):
(hyperref)                removing `\rightskip' on input line 1919.


Package hyperref Warning: Token not allowed in a PDF string (Unicode):
(hyperref)                removing `\@flushglue' on input line 1919.


Package hyperref Warning: Token not allowed in a PDF string (Unicode):
(hyperref)                removing `\leftskip' on input line 1919.


Package hyperref Warning: Token not allowed in a PDF string (Unicode):
(hyperref)                removing `\@flushglue' on input line 1919.


Package hyperref Warning: Token not allowed in a PDF string (Unicode):
(hyperref)                removing `\finalhyphendemerits' on input line 1919.


Package hyperref Warning: Token not allowed in a PDF string (Unicode):
(hyperref)                removing `\z@' on input line 1919.


Package hyperref Warning: Token not allowed in a PDF string (Unicode):
(hyperref)                removing `\parindent' on input line 1919.


Package hyperref Warning: Token not allowed in a PDF string (Unicode):
(hyperref)                removing `\z@' on input line 1919.


Package hyperref Warning: Token not allowed in a PDF string (Unicode):
(hyperref)                removing `\parfillskip' on input line 1919.


Package hyperref Warning: Token not allowed in a PDF string (Unicode):
(hyperref)                removing `\z@skip' on input line 1919.


pdfTeX warning (ext4): destination with the same identifier (name{section.1}) h
as been already used, duplicate ignored
<to be read again> 
                   \relax 
l.1926 \section{System Design}
                              
pdfTeX warning (ext4): destination with the same identifier (name{subsection.1.
1}) has been already used, duplicate ignored
<to be read again> 
                   \relax 
l.1927 \subsection{System Architecture}
                                       

LaTeX Warning: File `ss.png' not found on input line 1930.


! Package pdftex.def Error: File `ss.png' not found: using draft setting.

See the pdftex.def package documentation for explanation.
Type  H <return>  for immediate help.
 ...                                              
                                                  
l.1930 ...udegraphics[width=0.8\textwidth]{ss.png}
                                                  
Try typing  <return>  to proceed.
If that doesn't work, type  X <return>  to quit.

[89

]
pdfTeX warning (ext4): destination with the same identifier (name{subsection.1.
2}) has been already used, duplicate ignored
<to be read again> 
                   \relax 
l.1968 \subsection{Package Diagram}
                                   

LaTeX Warning: File `fe.png' not found on input line 1972.


! Package pdftex.def Error: File `fe.png' not found: using draft setting.

See the pdftex.def package documentation for explanation.
Type  H <return>  for immediate help.
 ...                                              
                                                  
l.1972 	\includegraphics[width=\textwidth]{fe.png}
                                                  
Try typing  <return>  to proceed.
If that doesn't work, type  X <return>  to quit.

[90]

Package array Warning: Column L is already defined on input line 1977.


Overfull \hbox (0.79482pt too wide) in paragraph at lines 1994--1994
[]|\T5/cmtt/m/n/10.95 trangchu1.html|  
 []


Overfull \hbox (41.02612pt too wide) in paragraph at lines 1996--1996
[]|\T5/cmtt/m/n/10.95 xemchitietbaibao.html|  
 []


Overfull \hbox (35.2788pt too wide) in paragraph at lines 1998--1998
[]|\T5/cmtt/m/n/10.95 phantichxuhuong.html|  
 []


Overfull \hbox (6.54214pt too wide) in paragraph at lines 2000--2000
[]|\T5/cmtt/m/n/10.95 hosocanhan.html|  
 []


Overfull \hbox (12.28947pt too wide) in paragraph at lines 2004--2004
[]|\T5/cmtt/m/n/10.95 xemthongbao.html|  
 []


LaTeX Warning: `!h' float specifier changed to `!ht'.


LaTeX Warning: File `be.png' not found on input line 2013.


! Package pdftex.def Error: File `be.png' not found: using draft setting.

See the pdftex.def package documentation for explanation.
Type  H <return>  for immediate help.
 ...                                              
                                                  
l.2013 	\includegraphics[width=\textwidth]{be.png}
                                                  
Try typing  <return>  to proceed.
If that doesn't work, type  X <return>  to quit.

[91] [92]

Package array Warning: Column L is already defined on input line 2018.


Overfull \hbox (12.34634pt too wide) in paragraph at lines 2031--2031
\T5/cmtt/m/n/10.95 check_session.php|  
 []


Overfull \hbox (0.85168pt too wide) in paragraph at lines 2033--2033
\T5/cmtt/m/n/10.95 capnhathoso.php|  
 []


Overfull \hbox (6.59901pt too wide) in paragraph at lines 2037--2037
[]|\T5/cmtt/m/n/10.95 xuhuongchude.php|  
 []


Overfull \hbox (23.841pt too wide) in paragraph at lines 2039--2039
[]|\T5/cmtt/m/n/10.95 phantichxuhuong.php|  
 []


Overfull \hbox (9.63992pt too wide) in paragraph at lines 2041--2041
[]|\T5/cmtt/m/n/10.95 theodoichude.php\T5/cmr/m/n/10.95 , 
 []


Overfull \hbox (3.8926pt too wide) in paragraph at lines 2043--2043
[]|\T5/cmtt/m/n/10.95 admin_users.php\T5/cmr/m/n/10.95 , 
 []


Overfull \hbox (9.63992pt too wide) in paragraph at lines 2043--2043
\T5/cmtt/m/n/10.95 admin_papers.php\T5/cmr/m/n/10.95 , 
 []


Overfull \hbox (9.63992pt too wide) in paragraph at lines 2043--2043
\T5/cmtt/m/n/10.95 admin_topics.php\T5/cmr/m/n/10.95 , 
 []


Overfull \hbox (38.37657pt too wide) in paragraph at lines 2043--2043
\T5/cmtt/m/n/10.95 admin_api_sources.php\T5/cmr/m/n/10.95 , 
 []


Overfull \hbox (49.87123pt too wide) in paragraph at lines 2043--2043
\T5/cmtt/m/n/10.95 admin_notifications.php\T5/cmr/m/n/10.95 , 
 []


Overfull \hbox (0.85168pt too wide) in paragraph at lines 2043--2043
\T5/cmtt/m/n/10.95 admin_check.php|  
 []


Overfull \hbox (23.841pt too wide) in paragraph at lines 2049--2049
[]|\T5/cmtt/m/n/10.95 config/database.php|  
 []


LaTeX Warning: `!h' float specifier changed to `!ht'.

[93] [94]
pdfTeX warning (ext4): destination with the same identifier (name{section.2}) h
as been already used, duplicate ignored
<to be read again> 
                   \relax 
l.2055 \section{Database Design}
                                

LaTeX Warning: File `database.png' not found on input line 2061.


! Package pdftex.def Error: File `database.png' not found: using draft setting.


See the pdftex.def package documentation for explanation.
Type  H <return>  for immediate help.
 ...                                              
                                                  
l.2061 keepaspectratio]{database.png}
                                     
Try typing  <return>  to proceed.
If that doesn't work, type  X <return>  to quit.

[95

]
pdfTeX warning (ext4): destination with the same identifier (name{subsection.2.
1}) has been already used, duplicate ignored
<to be read again> 
                   \relax 
l.2068 \subsection{Role Table}
                              
Overfull \hbox (3.13245pt too wide) in paragraph at lines 2074--2074
[]|\T5/cmr/m/n/10.95 NVARCHAR(100)| 
 []


Overfull \hbox (3.13245pt too wide) in paragraph at lines 2075--2075
[]|\T5/cmr/m/n/10.95 NVARCHAR(255)| 
 []


Overfull \hbox (36.22336pt too wide) in alignment at lines 2069--2077
 [] [] [] [] [] 
 []


pdfTeX warning (ext4): destination with the same identifier (name{subsection.2.
2}) has been already used, duplicate ignored
<to be read again> 
                   \relax 
l.2080 \subsection{User Table}
                              
Overfull \hbox (3.13245pt too wide) in paragraph at lines 2086--2086
[]|\T5/cmr/m/n/10.95 NVARCHAR(150)| 
 []


Overfull \hbox (3.13245pt too wide) in paragraph at lines 2087--2087
[]|\T5/cmr/m/n/10.95 NVARCHAR(150)| 
 []


Overfull \hbox (3.13245pt too wide) in paragraph at lines 2088--2088
[]|\T5/cmr/m/n/10.95 NVARCHAR(255)| 
 []


Underfull \hbox (badness 10000) in paragraph at lines 2091--2092
[]|\T5/cmr/m/n/10.95 Yes \TS1/cmr/m/n/10.95 ^^Y
 []


Overfull \hbox (36.22336pt too wide) in alignment at lines 2081--2093
 [] [] [] [] [] 
 []


Overfull \hbox (3.13245pt too wide) in paragraph at lines 2102--2102
[]|\T5/cmr/m/n/10.95 NVARCHAR(200)| 
 []


Overfull \hbox (3.13245pt too wide) in paragraph at lines 2103--2103
[]|\T5/cmr/m/n/10.95 NVARCHAR(150)| 
 []


Overfull \hbox (36.22336pt too wide) in alignment at lines 2097--2106
 [] [] [] [] [] 
 []


Underfull \hbox (badness 10000) in paragraph at lines 2114--2114
[]|\T5/cmr/m/n/10.95 Yes
 []


Underfull \hbox (badness 10000) in paragraph at lines 2114--2114
\T5/cmr/m/n/10.95 (Com-
 []


Underfull \hbox (badness 10000) in paragraph at lines 2114--2115
[]|\T5/cmr/m/n/10.95 Yes \TS1/cmr/m/n/10.95 ^^Y
 []


Underfull \hbox (badness 10000) in paragraph at lines 2115--2115
[]|\T5/cmr/m/n/10.95 Yes
 []


Underfull \hbox (badness 10000) in paragraph at lines 2115--2115
\T5/cmr/m/n/10.95 (Com-
 []


Underfull \hbox (badness 10000) in paragraph at lines 2115--2116
[]|\T5/cmr/m/n/10.95 Yes \TS1/cmr/m/n/10.95 ^^Y
 []


Overfull \hbox (36.22336pt too wide) in alignment at lines 2110--2117
 [] [] [] [] [] 
 []

[96

]
Overfull \hbox (3.13245pt too wide) in paragraph at lines 2126--2126
[]|\T5/cmr/m/n/10.95 NVARCHAR(150)| 
 []


Overfull \hbox (13.1675pt too wide) in paragraph at lines 2127--2127
[]|\T5/cmr/m/n/10.95 NVARCHAR(MAX)| 
 []


Underfull \hbox (badness 10000) in paragraph at lines 2128--2129
[]|\T5/cmr/m/n/10.95 Yes \TS1/cmr/m/n/10.95 ^^Y
 []


Overfull \hbox (36.22336pt too wide) in alignment at lines 2121--2130
 [] [] [] [] [] 
 []


Underfull \hbox (badness 10000) in paragraph at lines 2138--2138
[]|\T5/cmr/m/n/10.95 Yes
 []


Underfull \hbox (badness 10000) in paragraph at lines 2138--2138
\T5/cmr/m/n/10.95 (Com-
 []


Underfull \hbox (badness 10000) in paragraph at lines 2138--2139
[]|\T5/cmr/m/n/10.95 Yes \TS1/cmr/m/n/10.95 ^^Y
 []


Underfull \hbox (badness 10000) in paragraph at lines 2139--2139
[]|\T5/cmr/m/n/10.95 Yes
 []


Underfull \hbox (badness 10000) in paragraph at lines 2139--2139
\T5/cmr/m/n/10.95 (Com-
 []


Underfull \hbox (badness 10000) in paragraph at lines 2139--2140
[]|\T5/cmr/m/n/10.95 Yes \TS1/cmr/m/n/10.95 ^^Y
 []


Overfull \hbox (36.22336pt too wide) in alignment at lines 2134--2141
 [] [] [] [] [] 
 []


Overfull \hbox (3.13245pt too wide) in paragraph at lines 2150--2150
[]|\T5/cmr/m/n/10.95 NVARCHAR(150)| 
 []


Overfull \hbox (3.13245pt too wide) in paragraph at lines 2151--2151
[]|\T5/cmr/m/n/10.95 NVARCHAR(500)| 
 []


Overfull \hbox (3.13245pt too wide) in paragraph at lines 2152--2152
[]|\T5/cmr/m/n/10.95 NVARCHAR(100)| 
 []


Overfull \hbox (36.22336pt too wide) in alignment at lines 2145--2154
 [] [] [] [] [] 
 []

[97]
Overfull \hbox (3.13245pt too wide) in paragraph at lines 2163--2163
[]|\T5/cmr/m/n/10.95 NVARCHAR(150)| 
 []


Overfull \hbox (3.13245pt too wide) in paragraph at lines 2164--2164
[]|\T5/cmr/m/n/10.95 NVARCHAR(255)| 
 []


Overfull \hbox (36.22336pt too wide) in alignment at lines 2158--2166
 [] [] [] [] [] 
 []


Overfull \hbox (3.13245pt too wide) in paragraph at lines 2175--2175
[]|\T5/cmr/m/n/10.95 NVARCHAR(100)| 
 []


Overfull \hbox (36.22336pt too wide) in alignment at lines 2170--2177
 [] [] [] [] [] 
 []


Overfull \hbox (3.13245pt too wide) in paragraph at lines 2186--2186
[]|\T5/cmr/m/n/10.95 NVARCHAR(500)| 
 []


Overfull \hbox (13.1675pt too wide) in paragraph at lines 2187--2187
[]|\T5/cmr/m/n/10.95 NVARCHAR(MAX)| 
 []


Overfull \hbox (3.13245pt too wide) in paragraph at lines 2188--2188
[]|\T5/cmr/m/n/10.95 NVARCHAR(200)| 
 []


Underfull \hbox (badness 10000) in paragraph at lines 2190--2191
[]|\T5/cmr/m/n/10.95 Yes \TS1/cmr/m/n/10.95 ^^Y
 []


Overfull \hbox (8.59073pt too wide) in paragraph at lines 2190--2191
\T5/cmr/m/n/10.95 APISource| 
 []


Overfull \hbox (36.22336pt too wide) in alignment at lines 2181--2192
 [] [] [] [] [] 
 []


Underfull \hbox (badness 10000) in paragraph at lines 2200--2200
[]|\T5/cmr/m/n/10.95 Yes
 []


Underfull \hbox (badness 10000) in paragraph at lines 2200--2200
\T5/cmr/m/n/10.95 (Com-
 []


Underfull \hbox (badness 10000) in paragraph at lines 2200--2201
[]|\T5/cmr/m/n/10.95 Yes
 []


Underfull \hbox (badness 10000) in paragraph at lines 2200--2201
\TS1/cmr/m/n/10.95 ^^Y \T5/cmr/m/n/10.95 Re-
 []


Underfull \hbox (badness 10000) in paragraph at lines 2200--2201
\T5/cmr/m/n/10.95 search-
 []


Underfull \hbox (badness 10000) in paragraph at lines 2201--2201
[]|\T5/cmr/m/n/10.95 Yes
 []


Underfull \hbox (badness 10000) in paragraph at lines 2201--2201
\T5/cmr/m/n/10.95 (Com-
 []


Underfull \hbox (badness 10000) in paragraph at lines 2201--2202
[]|\T5/cmr/m/n/10.95 Yes \TS1/cmr/m/n/10.95 ^^Y
 []


Overfull \hbox (36.22336pt too wide) in alignment at lines 2196--2203
 [] [] [] [] [] 
 []

[98]
Underfull \hbox (badness 10000) in paragraph at lines 2211--2211
[]|\T5/cmr/m/n/10.95 Yes
 []


Underfull \hbox (badness 10000) in paragraph at lines 2211--2211
\T5/cmr/m/n/10.95 (Com-
 []


Underfull \hbox (badness 10000) in paragraph at lines 2211--2212
[]|\T5/cmr/m/n/10.95 Yes
 []


Underfull \hbox (badness 10000) in paragraph at lines 2211--2212
\TS1/cmr/m/n/10.95 ^^Y \T5/cmr/m/n/10.95 Re-
 []


Underfull \hbox (badness 10000) in paragraph at lines 2211--2212
\T5/cmr/m/n/10.95 search-
 []


Underfull \hbox (badness 10000) in paragraph at lines 2212--2212
[]|\T5/cmr/m/n/10.95 Yes
 []


Underfull \hbox (badness 10000) in paragraph at lines 2212--2212
\T5/cmr/m/n/10.95 (Com-
 []


Underfull \hbox (badness 10000) in paragraph at lines 2212--2213
[]|\T5/cmr/m/n/10.95 Yes \TS1/cmr/m/n/10.95 ^^Y
 []


Overfull \hbox (36.22336pt too wide) in alignment at lines 2207--2214
 [] [] [] [] [] 
 []


Underfull \hbox (badness 10000) in paragraph at lines 2222--2222
[]|\T5/cmr/m/n/10.95 Yes
 []


Underfull \hbox (badness 10000) in paragraph at lines 2222--2222
\T5/cmr/m/n/10.95 (Com-
 []


Underfull \hbox (badness 10000) in paragraph at lines 2222--2223
[]|\T5/cmr/m/n/10.95 Yes
 []


Underfull \hbox (badness 10000) in paragraph at lines 2222--2223
\TS1/cmr/m/n/10.95 ^^Y \T5/cmr/m/n/10.95 Re-
 []


Underfull \hbox (badness 10000) in paragraph at lines 2222--2223
\T5/cmr/m/n/10.95 search-
 []


Underfull \hbox (badness 10000) in paragraph at lines 2223--2223
[]|\T5/cmr/m/n/10.95 Yes
 []


Underfull \hbox (badness 10000) in paragraph at lines 2223--2223
\T5/cmr/m/n/10.95 (Com-
 []


Underfull \hbox (badness 10000) in paragraph at lines 2223--2224
[]|\T5/cmr/m/n/10.95 Yes \TS1/cmr/m/n/10.95 ^^Y
 []


Overfull \hbox (36.22336pt too wide) in alignment at lines 2218--2226
 [] [] [] [] [] 
 []


Underfull \hbox (badness 10000) in paragraph at lines 2238--2239
[]|\T5/cmr/m/n/10.95 Yes \TS1/cmr/m/n/10.95 ^^Y
 []


Overfull \hbox (36.22336pt too wide) in alignment at lines 2230--2240
 [] [] [] [] [] 
 []

[99]
Overfull \hbox (3.13245pt too wide) in paragraph at lines 2249--2249
[]|\T5/cmr/m/n/10.95 NVARCHAR(300)| 
 []


Overfull \hbox (3.13245pt too wide) in paragraph at lines 2250--2250
[]|\T5/cmr/m/n/10.95 NVARCHAR(200)| 
 []


Underfull \hbox (badness 10000) in paragraph at lines 2254--2255
[]|\T5/cmr/m/n/10.95 Yes \TS1/cmr/m/n/10.95 ^^Y
 []


Overfull \hbox (36.22336pt too wide) in alignment at lines 2244--2256
 [] [] [] [] [] 
 []


Overfull \hbox (3.13245pt too wide) in paragraph at lines 2265--2265
[]|\T5/cmr/m/n/10.95 NVARCHAR(300)| 
 []


Overfull \hbox (13.1675pt too wide) in paragraph at lines 2266--2266
[]|\T5/cmr/m/n/10.95 NVARCHAR(MAX)| 
 []


Underfull \hbox (badness 10000) in paragraph at lines 2269--2270
[]|\T5/cmr/m/n/10.95 Yes \TS1/cmr/m/n/10.95 ^^Y
 []


Overfull \hbox (36.22336pt too wide) in alignment at lines 2260--2271
 [] [] [] [] [] 
 []

[100]
Underfull \hbox (badness 10000) in paragraph at lines 2279--2279
[]|\T5/cmr/m/n/10.95 Yes
 []


Underfull \hbox (badness 10000) in paragraph at lines 2279--2279
\T5/cmr/m/n/10.95 (Com-
 []


Underfull \hbox (badness 10000) in paragraph at lines 2279--2280
[]|\T5/cmr/m/n/10.95 Yes \TS1/cmr/m/n/10.95 ^^Y
 []


Underfull \hbox (badness 10000) in paragraph at lines 2279--2280
\T5/cmr/m/n/10.95 No-ti-fi-ca-
 []


Underfull \hbox (badness 10000) in paragraph at lines 2280--2280
[]|\T5/cmr/m/n/10.95 Yes
 []


Underfull \hbox (badness 10000) in paragraph at lines 2280--2280
\T5/cmr/m/n/10.95 (Com-
 []


Underfull \hbox (badness 10000) in paragraph at lines 2280--2281
[]|\T5/cmr/m/n/10.95 Yes
 []


Underfull \hbox (badness 10000) in paragraph at lines 2280--2281
\TS1/cmr/m/n/10.95 ^^Y \T5/cmr/m/n/10.95 Re-
 []


Underfull \hbox (badness 10000) in paragraph at lines 2280--2281
\T5/cmr/m/n/10.95 search-
 []


Overfull \hbox (36.22336pt too wide) in alignment at lines 2275--2282
 [] [] [] [] [] 
 []


Underfull \hbox (badness 10000) in paragraph at lines 2292--2293
[]|\T5/cmr/m/n/10.95 Yes \TS1/cmr/m/n/10.95 ^^Y
 []


Underfull \hbox (badness 10000) in paragraph at lines 2293--2294
[]|\T5/cmr/m/n/10.95 Yes
 []


Underfull \hbox (badness 10000) in paragraph at lines 2293--2294
\TS1/cmr/m/n/10.95 ^^Y \T5/cmr/m/n/10.95 Re-
 []


Underfull \hbox (badness 10000) in paragraph at lines 2293--2294
\T5/cmr/m/n/10.95 search-
 []


Underfull \hbox (badness 10000) in paragraph at lines 2294--2295
[]|\T5/cmr/m/n/10.95 Yes \TS1/cmr/m/n/10.95 ^^Y
 []


Overfull \hbox (36.22336pt too wide) in alignment at lines 2286--2296
 [] [] [] [] [] 
 []


pdfTeX warning (ext4): destination with the same identifier (name{section.3}) h
as been already used, duplicate ignored
<to be read again> 
                   \relax 
l.2297 \section{ Detail Design}
                               
pdfTeX warning (ext4): destination with the same identifier (name{subsection.3.
1}) has been already used, duplicate ignored
<to be read again> 
                   \relax 
l.2298 \subsection{Register}
                            
pdfTeX warning (ext4): destination with the same identifier (name{subsubsection
.3.1.1}) has been already used, duplicate ignored
<to be read again> 
                   \relax 
l.2299 \subsubsection{Class Diagram}
                                    

LaTeX Warning: File `dk.png' not found on input line 2302.


! Package pdftex.def Error: File `dk.png' not found: using draft setting.

See the pdftex.def package documentation for explanation.
Type  H <return>  for immediate help.
 ...                                              
                                                  
l.2302 	\includegraphics[width=\textwidth]{dk.png}
                                                  
Try typing  <return>  to proceed.
If that doesn't work, type  X <return>  to quit.

[101]
pdfTeX warning (ext4): destination with the same identifier (name{subsubsection
.3.1.2}) has been already used, duplicate ignored
<to be read again> 
                   \relax 
l.2307 \subsubsection{Sequence Diagram}
                                       

LaTeX Warning: File `ttdk.png' not found on input line 2310.


! Package pdftex.def Error: File `ttdk.png' not found: using draft setting.

See the pdftex.def package documentation for explanation.
Type  H <return>  for immediate help.
 ...                                              
                                                  
l.2310 ...ludegraphics[width=\textwidth]{ttdk.png}
                                                  
Try typing  <return>  to proceed.
If that doesn't work, type  X <return>  to quit.

[102]
pdfTeX warning (ext4): destination with the same identifier (name{subsection.3.
2}) has been already used, duplicate ignored
<to be read again> 
                   \relax 
l.2317 \subsection{Login}
                         

LaTeX Warning: File `CDLogin.png' not found on input line 2321.


! Package pdftex.def Error: File `CDLogin.png' not found: using draft setting.

See the pdftex.def package documentation for explanation.
Type  H <return>  for immediate help.
 ...                                              
                                                  
l.2321 ...egraphics[width=\textwidth]{CDLogin.png}
                                                  
Try typing  <return>  to proceed.
If that doesn't work, type  X <return>  to quit.

[103]

LaTeX Warning: File `ttdn.png' not found on input line 2328.


! Package pdftex.def Error: File `ttdn.png' not found: using draft setting.

See the pdftex.def package documentation for explanation.
Type  H <return>  for immediate help.
 ...                                              
                                                  
l.2328 ...ludegraphics[width=\textwidth]{ttdn.png}
                                                  
Try typing  <return>  to proceed.
If that doesn't work, type  X <return>  to quit.

[104]
pdfTeX warning (ext4): destination with the same identifier (name{subsection.3.
3}) has been already used, duplicate ignored
<to be read again> 
                   \relax 
l.2336 \subsection{Search Research Papers}
                                          
pdfTeX warning (ext4): destination with the same identifier (name{subsubsection
.3.3.1}) has been already used, duplicate ignored
<to be read again> 
                   \relax 
l.2337 \subsubsection{Class Diagram}
                                    

LaTeX Warning: File `CDSearchResearchPaper.png' not found on input line 2340.


! Package pdftex.def Error: File `CDSearchResearchPaper.png' not found: using d
raft setting.

See the pdftex.def package documentation for explanation.
Type  H <return>  for immediate help.
 ...                                              
                                                  
l.2340 ...h=\textwidth]{CDSearchResearchPaper.png}
                                                  
Try typing  <return>  to proceed.
If that doesn't work, type  X <return>  to quit.

[105]
pdfTeX warning (ext4): destination with the same identifier (name{subsubsection
.3.3.2}) has been already used, duplicate ignored
<to be read again> 
                   \relax 
l.2345 \subsubsection{Sequence Diagram}
                                       

LaTeX Warning: File `tk.png' not found on input line 2348.


! Package pdftex.def Error: File `tk.png' not found: using draft setting.

See the pdftex.def package documentation for explanation.
Type  H <return>  for immediate help.
 ...                                              
                                                  
l.2348 	\includegraphics[width=\textwidth]{tk.png}
                                                  
Try typing  <return>  to proceed.
If that doesn't work, type  X <return>  to quit.

[106]

LaTeX Warning: File `chitiet.png' not found on input line 2360.


! Package pdftex.def Error: File `chitiet.png' not found: using draft setting.

See the pdftex.def package documentation for explanation.
Type  H <return>  for immediate help.
 ...                                              
                                                  
l.2360 ...aphics[width=0.6\textwidth]{chitiet.png}
                                                  
Try typing  <return>  to proceed.
If that doesn't work, type  X <return>  to quit.

[107]

LaTeX Warning: File `ct.png' not found on input line 2368.


! Package pdftex.def Error: File `ct.png' not found: using draft setting.

See the pdftex.def package documentation for explanation.
Type  H <return>  for immediate help.
 ...                                              
                                                  
l.2368 	\includegraphics[width=\textwidth]{ct.png}
                                                  
Try typing  <return>  to proceed.
If that doesn't work, type  X <return>  to quit.

[108]

LaTeX Warning: File `CDBookmark.png' not found on input line 2380.


! Package pdftex.def Error: File `CDBookmark.png' not found: using draft settin
g.

See the pdftex.def package documentation for explanation.
Type  H <return>  for immediate help.
 ...                                              
                                                  
l.2380 ...ics[width=0.6\textwidth]{CDBookmark.png}
                                                  
Try typing  <return>  to proceed.
If that doesn't work, type  X <return>  to quit.

[109]

LaTeX Warning: File `yttt.png' not found on input line 2387.


! Package pdftex.def Error: File `yttt.png' not found: using draft setting.

See the pdftex.def package documentation for explanation.
Type  H <return>  for immediate help.
 ...                                              
                                                  
l.2387 ...ludegraphics[width=\textwidth]{yttt.png}
                                                  
Try typing  <return>  to proceed.
If that doesn't work, type  X <return>  to quit.

[110]

LaTeX Warning: File `CDTrackPublicationTrends.png' not found on input line 2399
.


! Package pdftex.def Error: File `CDTrackPublicationTrends.png' not found: usin
g draft setting.

See the pdftex.def package documentation for explanation.
Type  H <return>  for immediate help.
 ...                                              
                                                  
l.2399 ...textwidth]{CDTrackPublicationTrends.png}
                                                  
Try typing  <return>  to proceed.
If that doesn't work, type  X <return>  to quit.

[111]

LaTeX Warning: File `xh.png' not found on input line 2407.


! Package pdftex.def Error: File `xh.png' not found: using draft setting.

See the pdftex.def package documentation for explanation.
Type  H <return>  for immediate help.
 ...                                              
                                                  
l.2407 	\includegraphics[width=\textwidth]{xh.png}
                                                  
Try typing  <return>  to proceed.
If that doesn't work, type  X <return>  to quit.

[112]

LaTeX Warning: File `CDViewDashboard.png' not found on input line 2417.


! Package pdftex.def Error: File `CDViewDashboard.png' not found: using draft s
etting.

See the pdftex.def package documentation for explanation.
Type  H <return>  for immediate help.
 ...                                              
                                                  
l.2417 ...idth=0.6\textwidth]{CDViewDashboard.png}
                                                  
Try typing  <return>  to proceed.
If that doesn't work, type  X <return>  to quit.

[113]

LaTeX Warning: File `dkk.png' not found on input line 2424.


! Package pdftex.def Error: File `dkk.png' not found: using draft setting.

See the pdftex.def package documentation for explanation.
Type  H <return>  for immediate help.
 ...                                              
                                                  
l.2424 ...cludegraphics[width=\textwidth]{dkk.png}
                                                  
Try typing  <return>  to proceed.
If that doesn't work, type  X <return>  to quit.

[114]

LaTeX Warning: File `CDReportGenerate.png' not found on input line 2435.


! Package pdftex.def Error: File `CDReportGenerate.png' not found: using draft 
setting.

See the pdftex.def package documentation for explanation.
Type  H <return>  for immediate help.
 ...                                              
                                                  
l.2435 ...[width=\textwidth]{CDReportGenerate.png}
                                                  
Try typing  <return>  to proceed.
If that doesn't work, type  X <return>  to quit.

[115]

LaTeX Warning: File `bc.png' not found on input line 2442.


! Package pdftex.def Error: File `bc.png' not found: using draft setting.

See the pdftex.def package documentation for explanation.
Type  H <return>  for immediate help.
 ...                                              
                                                  
l.2442 ...=0.9\textheight,keepaspectratio]{bc.png}
                                                  
Try typing  <return>  to proceed.
If that doesn't work, type  X <return>  to quit.


Overfull \hbox (177.65767pt too wide) in paragraph at lines 2442--2443
 [][] 
 []

[116]

LaTeX Warning: File `CDViewTrendingTopics.png' not found on input line 2453.


! Package pdftex.def Error: File `CDViewTrendingTopics.png' not found: using dr
aft setting.

See the pdftex.def package documentation for explanation.
Type  H <return>  for immediate help.
 ...                                              
                                                  
l.2453 ...th=\textwidth]{CDViewTrendingTopics.png}
                                                  
Try typing  <return>  to proceed.
If that doesn't work, type  X <return>  to quit.

[117]

LaTeX Warning: File `cdxh.png' not found on input line 2461.


! Package pdftex.def Error: File `cdxh.png' not found: using draft setting.

See the pdftex.def package documentation for explanation.
Type  H <return>  for immediate help.
 ...                                              
                                                  
l.2461 ...ludegraphics[width=\textwidth]{cdxh.png}
                                                  
Try typing  <return>  to proceed.
If that doesn't work, type  X <return>  to quit.

[118]

LaTeX Warning: File `CDFollowTopics.png' not found on input line 2472.


! Package pdftex.def Error: File `CDFollowTopics.png' not found: using draft se
tting.

See the pdftex.def package documentation for explanation.
Type  H <return>  for immediate help.
 ...                                              
                                                  
l.2472 ...cs[width=\textwidth]{CDFollowTopics.png}
                                                  
Try typing  <return>  to proceed.
If that doesn't work, type  X <return>  to quit.

[119]

LaTeX Warning: File `td.png' not found on input line 2479.


! Package pdftex.def Error: File `td.png' not found: using draft setting.

See the pdftex.def package documentation for explanation.
Type  H <return>  for immediate help.
 ...                                              
                                                  
l.2479 	\includegraphics[width=\textwidth]{td.png}
                                                  
Try typing  <return>  to proceed.
If that doesn't work, type  X <return>  to quit.

[120]

LaTeX Warning: File `tb.png' not found on input line 2492.


! Package pdftex.def Error: File `tb.png' not found: using draft setting.

See the pdftex.def package documentation for explanation.
Type  H <return>  for immediate help.
 ...                                              
                                                  
l.2492 	\includegraphics[width=\textwidth]{tb.png}
                                                  
Try typing  <return>  to proceed.
If that doesn't work, type  X <return>  to quit.

[121]

LaTeX Warning: File `CDManageSystem.png' not found on input line 2503.


! Package pdftex.def Error: File `CDManageSystem.png' not found: using draft se
tting.

See the pdftex.def package documentation for explanation.
Type  H <return>  for immediate help.
 ...                                              
                                                  
l.2503 ...width=0.9\textwidth]{CDManageSystem.png}
                                                  
Try typing  <return>  to proceed.
If that doesn't work, type  X <return>  to quit.

[122]

LaTeX Warning: File `ht.png' not found on input line 2510.


! Package pdftex.def Error: File `ht.png' not found: using draft setting.

See the pdftex.def package documentation for explanation.
Type  H <return>  for immediate help.
 ...                                              
                                                  
l.2510 ...udegraphics[width=0.9\textwidth]{ht.png}
                                                  
Try typing  <return>  to proceed.
If that doesn't work, type  X <return>  to quit.

[123]

LaTeX Warning: File `CDManageUser.png' not found on input line 2522.


! Package pdftex.def Error: File `CDManageUser.png' not found: using draft sett
ing.

See the pdftex.def package documentation for explanation.
Type  H <return>  for immediate help.
 ...                                              
                                                  
l.2522 ...s[width=0.8\textwidth]{CDManageUser.png}
                                                  
Try typing  <return>  to proceed.
If that doesn't work, type  X <return>  to quit.

[124]

LaTeX Warning: File `nd.png' not found on input line 2530.


! Package pdftex.def Error: File `nd.png' not found: using draft setting.

See the pdftex.def package documentation for explanation.
Type  H <return>  for immediate help.
 ...                                              
                                                  
l.2530 ...udegraphics[width=0.7\textwidth]{nd.png}
                                                  
Try typing  <return>  to proceed.
If that doesn't work, type  X <return>  to quit.

[125]

LaTeX Warning: File `CDManageAPI.png' not found on input line 2541.


! Package pdftex.def Error: File `CDManageAPI.png' not found: using draft setti
ng.

See the pdftex.def package documentation for explanation.
Type  H <return>  for immediate help.
 ...                                              
                                                  
l.2541 ...cs[width=0.8\textwidth]{CDManageAPI.png}
                                                  
Try typing  <return>  to proceed.
If that doesn't work, type  X <return>  to quit.

[126]

LaTeX Warning: File `apii.png' not found on input line 2548.


! Package pdftex.def Error: File `apii.png' not found: using draft setting.

See the pdftex.def package documentation for explanation.
Type  H <return>  for immediate help.
 ...                                              
                                                  
l.2548 ...ludegraphics[width=\textwidth]{apii.png}
                                                  
Try typing  <return>  to proceed.
If that doesn't work, type  X <return>  to quit.

[127]

LaTeX Warning: File `CDSyncData.png' not found on input line 2560.


! Package pdftex.def Error: File `CDSyncData.png' not found: using draft settin
g.

See the pdftex.def package documentation for explanation.
Type  H <return>  for immediate help.
 ...                                              
                                                  
l.2560 ...ics[width=0.8\textwidth]{CDSyncData.png}
                                                  
Try typing  <return>  to proceed.
If that doesn't work, type  X <return>  to quit.

[128]

LaTeX Warning: File `db.png' not found on input line 2567.


! Package pdftex.def Error: File `db.png' not found: using draft setting.

See the pdftex.def package documentation for explanation.
Type  H <return>  for immediate help.
 ...                                              
                                                  
l.2567 	\includegraphics[width=\textwidth]{db.png}
                                                  
Try typing  <return>  to proceed.
If that doesn't work, type  X <return>  to quit.

[129] [130]

Package hyperref Warning: Token not allowed in a PDF string (Unicode):
(hyperref)                removing `\<let>-command' on input line 2573.


Package hyperref Warning: Token not allowed in a PDF string (Unicode):
(hyperref)                removing `\\' on input line 2573.


Package hyperref Warning: Token not allowed in a PDF string (Unicode):
(hyperref)                removing `\@centercr' on input line 2573.


Package hyperref Warning: Token not allowed in a PDF string (Unicode):
(hyperref)                removing `\rightskip' on input line 2573.


Package hyperref Warning: Token not allowed in a PDF string (Unicode):
(hyperref)                removing `\@flushglue' on input line 2573.


Package hyperref Warning: Token not allowed in a PDF string (Unicode):
(hyperref)                removing `\leftskip' on input line 2573.


Package hyperref Warning: Token not allowed in a PDF string (Unicode):
(hyperref)                removing `\@flushglue' on input line 2573.


Package hyperref Warning: Token not allowed in a PDF string (Unicode):
(hyperref)                removing `\finalhyphendemerits' on input line 2573.


Package hyperref Warning: Token not allowed in a PDF string (Unicode):
(hyperref)                removing `\z@' on input line 2573.


Package hyperref Warning: Token not allowed in a PDF string (Unicode):
(hyperref)                removing `\parindent' on input line 2573.


Package hyperref Warning: Token not allowed in a PDF string (Unicode):
(hyperref)                removing `\z@' on input line 2573.


Package hyperref Warning: Token not allowed in a PDF string (Unicode):
(hyperref)                removing `\parfillskip' on input line 2573.


Package hyperref Warning: Token not allowed in a PDF string (Unicode):
(hyperref)                removing `\z@skip' on input line 2573.


pdfTeX warning (ext4): destination with the same identifier (name{section.1}) h
as been already used, duplicate ignored
<to be read again> 
                   \relax 
l.2581 \section{Testing Scope}
                              
pdfTeX warning (ext4): destination with the same identifier (name{section.2}) h
as been already used, duplicate ignored
<to be read again> 
                   \relax 
l.2610 \section{Test Strategy}
                              
pdfTeX warning (ext4): destination with the same identifier (name{subsection.2.
1}) has been already used, duplicate ignored
<to be read again> 
                   \relax 
l.2611 \subsection{Testing Types}
                                  [131

]
pdfTeX warning (ext4): destination with the same identifier (name{subsection.2.
2}) has been already used, duplicate ignored
<to be read again> 
                   \relax 
l.2621 \subsection{Testing Levels}
                                  
pdfTeX warning (ext4): destination with the same identifier (name{subsection.2.
3}) has been already used, duplicate ignored
<to be read again> 
                   \relax 
l.2635 \subsection{Supporting Tools}
                                    
pdfTeX warning (ext4): destination with the same identifier (name{section.3}) h
as been already used, duplicate ignored
<to be read again> 
                   \relax 
l.2653 \section{Test Plan}
                           [132]
pdfTeX warning (ext4): destination with the same identifier (name{subsection.3.
1}) has been already used, duplicate ignored
<to be read again> 
                   \relax 
l.2668 \subsection{Entry Criteria}
                                  
pdfTeX warning (ext4): destination with the same identifier (name{subsection.3.
2}) has been already used, duplicate ignored
<to be read again> 
                   \relax 
l.2675 \subsection{Exit Criteria}
                                 
pdfTeX warning (ext4): destination with the same identifier (name{section.4}) h
as been already used, duplicate ignored
<to be read again> 
                   \relax 
l.2682 \section{Test Case}
                           [133] [134]
Overfull \hbox (7.27864pt too wide) in paragraph at lines 2848--2857
[]|[]| 
 []

[135] [136] [137] [138] [139] [140] [141] [142] [143] [144] [145] [146]
[147] [148] [149] [150] [151] [152] [153] [154] [155] [156] [157] [158]
[159] [160]

Package hyperref Warning: Token not allowed in a PDF string (Unicode):
(hyperref)                removing `\<let>-command' on input line 4672.


Package hyperref Warning: Token not allowed in a PDF string (Unicode):
(hyperref)                removing `\\' on input line 4672.


Package hyperref Warning: Token not allowed in a PDF string (Unicode):
(hyperref)                removing `\@centercr' on input line 4672.


Package hyperref Warning: Token not allowed in a PDF string (Unicode):
(hyperref)                removing `\rightskip' on input line 4672.


Package hyperref Warning: Token not allowed in a PDF string (Unicode):
(hyperref)                removing `\@flushglue' on input line 4672.


Package hyperref Warning: Token not allowed in a PDF string (Unicode):
(hyperref)                removing `\leftskip' on input line 4672.


Package hyperref Warning: Token not allowed in a PDF string (Unicode):
(hyperref)                removing `\@flushglue' on input line 4672.


Package hyperref Warning: Token not allowed in a PDF string (Unicode):
(hyperref)                removing `\finalhyphendemerits' on input line 4672.


Package hyperref Warning: Token not allowed in a PDF string (Unicode):
(hyperref)                removing `\z@' on input line 4672.


Package hyperref Warning: Token not allowed in a PDF string (Unicode):
(hyperref)                removing `\parindent' on input line 4672.


Package hyperref Warning: Token not allowed in a PDF string (Unicode):
(hyperref)                removing `\z@' on input line 4672.


Package hyperref Warning: Token not allowed in a PDF string (Unicode):
(hyperref)                removing `\parfillskip' on input line 4672.


Package hyperref Warning: Token not allowed in a PDF string (Unicode):
(hyperref)                removing `\z@skip' on input line 4672.


pdfTeX warning (ext4): destination with the same identifier (name{section.1}) h
as been already used, duplicate ignored
<to be read again> 
                   \relax 
l.4675 \section{ Deliverable Package}
                                     

Package array Warning: Column L is already defined on input line 4685.


Underfull \hbox (badness 10000) in paragraph at lines 4739--4739
[]|\T5/cmr/m/n/12 A doc-u-ment that con-sol-i-dates the project re-port
 []


Underfull \hbox (badness 10000) in paragraph at lines 4739--4739
\T5/cmr/m/n/12 (re-quire-ment spec-i-fi-ca-tion, anal-y-sis and de-sign, use
 []


Underfull \hbox (badness 10000) in paragraph at lines 4739--4739
\T5/cmr/m/n/12 case/class/sequence/ERD di-a-grams, etc.), au-thored in
 []


pdfTeX warning (ext4): destination with the same identifier (name{section.2}) h
as been already used, duplicate ignored
<to be read again> 
                   \relax 
l.4744 \section{  Installation Guide}
                                     
pdfTeX warning (ext4): destination with the same identifier (name{subsection.2.
1}) has been already used, duplicate ignored
<to be read again> 
                   \relax 
l.4746 \subsection{Back end}
                            
Underfull \hbox (badness 4072) in paragraph at lines 4787--4787
[]|\T5/cmr/m/n/12 Navigate to the server's web root folder (e.g. \T5/cmtt/m/n/1
2 C:\xampp\htdocs \T5/cmr/m/n/12 or
 []

[161

]
pdfTeX warning (ext4): destination with the same identifier (name{subsection.2.
2}) has been already used, duplicate ignored
<to be read again> 
                   \relax 
l.4792 \subsection{Frontend}
                            
pdfTeX warning (ext4): destination with the same identifier (name{section.3}) h
as been already used, duplicate ignored
<to be read again> 
                   \relax 
l.4832 \section{  User manual}
                               [162] [163] [164] (main.aux)
 ***********
LaTeX2e <2026-06-01>
L3 programming layer <2026-05-26>
 ***********


LaTeX Warning: There were multiply-defined labels.

Package rerunfilecheck Info: File `main.out' has not changed.
(rerunfilecheck)             Checksum: F52F3AAB29B1B0A5E8BAF6591550A9CD;26871.
 )
(\end occurred inside a group at level 2)

### simple group (level 2) entered at line 910 ({)
### simple group (level 1) entered at line 503 ({)
### bottom level 
Here is how much of TeX's memory you used:
 15597 strings out of 467509
 257674 string characters out of 5418889
 668281 words of memory out of 5000000
 44332 multiletter control sequences out of 15000+600000
 643264 words of font info for 67 fonts, out of 8000000 for 9000
 1141 hyphenation exceptions out of 8191
 74i,16n,83p,470b,972s stack positions out of 10000i,1000n,20000p,200000b,200000s
 <C:\Users\baotr\AppData\Local\MiKTeX\fonts/pk/ljfour/jknappen/
ec/dpi600\tcrm1095.pk> <C:\Users\baotr\AppData\Local\MiKTeX\fonts/pk/ljfour/jkn
appen/ec/dpi600\tcrm1200.pk><C:/Program Files/MiKTeX/fonts/type1/public/amsfont
s/cm/cmsy10.pfb><C:/Program Files/MiKTeX/fonts/type1/vntex/vnr/vnbx10.pfb><C:/P
rogram Files/MiKTeX/fonts/type1/vntex/vnr/vnbx12.pfb><C:/Program Files/MiKTeX/f
onts/type1/vntex/vnr/vnr10.pfb><C:/Program Files/MiKTeX/fonts/type1/vntex/vnr/v
nr12.pfb><C:/Program Files/MiKTeX/fonts/type1/vntex/vnr/vnti10.pfb><C:/Program 
Files/MiKTeX/fonts/type1/vntex/vnr/vntt10.pfb><C:/Program Files/MiKTeX/fonts/ty
pe1/vntex/vnr/vntt12.pfb>
Output written on main.pdf (164 pages, 434796 bytes).
PDF statistics:
 1540 PDF objects out of 1728 (max. 8388607)
 345 named destinations out of 1000 (max. 500000)
 1377 words of extra memory for PDF output out of 10000 (max. 10000000)

